Timestamp,Warehouse_ID,Section_ID,Shelf_ID,Product_ID,RFID_Tag_ID,Current_Stock_Level,Stock_Capacity,Temperature_C,Humidity_%,Order_ID,Order_Quantity,Order_Fulfillment_Time_sec,Picking_Route_ID,Agent_ID,Transport_Delay_sec,Actual_Demand,Target
2024-01-01 00:00:00,W1,A01,S30,P182,T62187,111,165,26.57,53.18,O5558,48,39,R015,Agt047,80,67,0
2024-01-01 00:10:00,W3,A07,S24,P118,T58556,39,265,18.8,47.08,O8416,35,370,R043,Agt027,77,106,1
2024-01-01 00:20:00,W2,A12,S06,P102,T51632,65,253,26.55,41.96,O3927,25,30,R009,Agt037,28,77,1
2024-01-01 00:30:00,W3,A08,S17,P123,T58799,30,160,22.51,55.77,O8171,33,349,R038,Agt053,13,88,1
2024-01-01 00:40:00,W2,A08,S04,P150,T95738,163,158,22.58,67.92,O3360,19,287,R006,Agt075,26,94,0
2024-01-01 00:50:00,W3,A19,S25,P152,T85215,72,204,20.81,59.54,O3670,25,298,R023,Agt006,74,24,0
2024-01-01 01:00:00,W1,A19,S24,P172,T62701,27,215,22.84,55.58,O2715,13,255,R025,Agt041,71,45,1
2024-01-01 01:10:00,W3,A12,S18,P184,T22479,112,293,23.17,45.37,O8416,16,329,R038,Agt085,116,54,0
2024-01-01 01:20:00,W1,A20,S26,P154,T64946,46,249,24.17,36.67,O7081,34,302,R028,Agt060,37,104,1
2024-01-01 01:30:00,W1,A18,S06,P106,T92295,127,182,20.8,62.4,O4412,22,455,R012,Agt026,43,101,0
2024-01-01 01:40:00,W1,A20,S07,P101,T80597,88,220,22.06,36.24,O5081,30,482,R024,Agt086,105,25,0
2024-01-01 01:50:00,W3,A09,S23,P189,T95314,86,243,24.15,41.3,O2320,4,478,R017,Agt086,5,89,1
2024-01-01 02:00:00,W2,A19,S17,P196,T82035,76,263,24.26,49.0,O3950,40,330,R036,Agt066,54,107,1
2024-01-01 02:10:00,W2,A12,S06,P164,T72272,18,210,27.28,60.43,O4220,7,418,R022,Agt007,103,94,1
2024-01-01 02:20:00,W1,A14,S11,P130,T21474,38,291,25.23,53.79,O2628,24,223,R027,Agt086,23,38,0
2024-01-01 02:30:00,W2,A16,S26,P151,T58851,13,265,19.52,43.04,O2819,46,47,R026,Agt066,97,27,1
2024-01-01 02:40:00,W2,A15,S28,P171,T79013,38,272,25.17,49.72,O8343,46,369,R032,Agt005,97,88,1
2024-01-01 02:50:00,W3,A09,S27,P108,T84607,9,177,20.44,35.26,O4516,36,217,R037,Agt045,6,57,1
2024-01-01 03:00:00,W1,A17,S07,P112,T16248,115,276,25.44,45.43,O1822,28,393,R042,Agt072,83,63,0
2024-01-01 03:10:00,W1,A13,S01,P128,T11967,125,236,19.88,56.28,O4431,24,192,R012,Agt081,65,41,0
2024-01-01 03:20:00,W3,A09,S05,P159,T52970,36,281,19.67,45.17,O9723,3,250,R021,Agt013,21,62,1
2024-01-01 03:30:00,W1,A10,S16,P142,T74970,131,237,27.66,51.63,O1710,9,150,R005,Agt043,10,52,0
2024-01-01 03:40:00,W3,A02,S06,P134,T27348,156,245,26.36,54.48,O9472,2,352,R020,Agt062,58,31,0
2024-01-01 03:50:00,W3,A06,S01,P120,T91130,44,191,21.46,47.32,O7547,32,445,R025,Agt089,43,24,0
2024-01-01 04:00:00,W2,A04,S30,P137,T56204,87,201,22.45,64.19,O5921,21,259,R045,Agt004,59,53,0
2024-01-01 04:10:00,W1,A04,S20,P147,T53138,150,169,22.63,68.64,O9400,18,480,R046,Agt042,97,61,0
2024-01-01 04:20:00,W1,A14,S18,P112,T78817,117,153,26.87,36.21,O4219,47,340,R018,Agt087,37,19,0
2024-01-01 04:30:00,W3,A06,S10,P105,T33673,28,176,22.1,41.93,O5848,11,251,R017,Agt093,37,26,0
2024-01-01 04:40:00,W2,A09,S10,P198,T52021,84,286,24.87,49.89,O8683,15,440,R016,Agt009,56,72,0
2024-01-01 04:50:00,W2,A07,S17,P102,T50237,113,244,26.11,59.07,O3993,35,106,R035,Agt027,1,110,0
2024-01-01 05:00:00,W2,A06,S03,P174,T61635,135,271,25.53,51.61,O1588,28,342,R032,Agt040,49,108,0
2024-01-01 05:10:00,W2,A03,S13,P194,T74047,38,240,18.19,62.27,O1886,49,400,R022,Agt015,20,97,1
2024-01-01 05:20:00,W3,A01,S29,P127,T45563,123,298,26.7,40.53,O8768,1,201,R016,Agt075,81,106,0
2024-01-01 05:30:00,W2,A19,S14,P113,T85904,73,274,25.11,57.26,O3163,33,174,R019,Agt054,42,25,0
2024-01-01 05:40:00,W2,A10,S11,P118,T54106,134,185,26.34,60.48,O8041,46,64,R022,Agt062,11,35,0
2024-01-01 05:50:00,W2,A10,S05,P169,T69416,188,252,25.44,49.72,O7199,46,167,R026,Agt029,74,34,0
2024-01-01 06:00:00,W3,A03,S25,P133,T56646,59,275,24.01,49.58,O3858,37,419,R003,Agt021,17,104,1
2024-01-01 06:10:00,W1,A13,S24,P153,T82833,121,157,20.82,58.31,O4206,24,473,R013,Agt096,106,17,0
2024-01-01 06:20:00,W3,A19,S22,P107,T35502,18,297,20.89,42.57,O4441,49,238,R001,Agt078,56,96,1
2024-01-01 06:30:00,W2,A14,S21,P177,T23879,96,180,26.29,38.26,O1666,42,212,R024,Agt059,47,117,1
2024-01-01 06:40:00,W3,A06,S27,P182,T26866,129,278,18.35,39.43,O8430,48,248,R036,Agt028,66,31,0
2024-01-01 06:50:00,W2,A01,S07,P107,T30673,70,187,26.3,58.1,O9928,37,307,R018,Agt012,31,45,0
2024-01-01 07:00:00,W1,A08,S01,P187,T45465,186,208,19.43,66.18,O4009,24,420,R025,Agt059,37,97,0
2024-01-01 07:10:00,W3,A04,S15,P143,T92079,192,250,22.66,44.12,O7851,6,137,R044,Agt070,21,71,0
2024-01-01 07:20:00,W1,A11,S26,P190,T77398,68,210,24.47,59.73,O3686,16,130,R026,Agt092,96,101,1
2024-01-01 07:30:00,W2,A18,S27,P112,T71756,116,156,25.31,62.34,O7879,49,377,R029,Agt073,20,12,0
2024-01-01 07:40:00,W1,A19,S10,P177,T46284,55,291,27.04,49.44,O8221,34,50,R031,Agt063,116,19,0
2024-01-01 07:50:00,W1,A03,S06,P166,T53409,32,150,27.97,46.21,O6938,46,306,R003,Agt091,69,106,1
2024-01-01 08:00:00,W1,A04,S28,P104,T23816,29,191,25.13,35.71,O4345,46,150,R042,Agt099,118,59,1
2024-01-01 08:10:00,W2,A01,S14,P179,T29673,177,239,27.28,43.57,O6445,3,478,R034,Agt009,117,26,0
2024-01-01 08:20:00,W2,A20,S27,P140,T11428,59,199,24.72,63.92,O8690,28,234,R007,Agt052,89,95,1
2024-01-01 08:30:00,W1,A15,S22,P175,T33357,60,215,19.2,58.68,O2482,19,70,R035,Agt005,51,97,1
2024-01-01 08:40:00,W2,A07,S14,P131,T88851,134,182,20.44,61.67,O8897,6,152,R020,Agt073,38,99,0
2024-01-01 08:50:00,W3,A10,S29,P189,T91104,188,157,19.04,51.66,O5151,1,78,R014,Agt006,46,78,0
2024-01-01 09:00:00,W2,A10,S15,P126,T75994,155,201,23.48,41.23,O7902,2,399,R029,Agt020,20,60,0
2024-01-01 09:10:00,W3,A10,S21,P195,T98552,182,235,18.53,38.39,O1796,29,252,R037,Agt063,28,16,0
2024-01-01 09:20:00,W1,A18,S22,P158,T70263,138,231,22.57,52.53,O4544,26,331,R011,Agt043,93,68,0
2024-01-01 09:30:00,W3,A05,S23,P101,T83698,178,164,21.49,49.49,O9347,39,173,R017,Agt051,101,115,0
2024-01-01 09:40:00,W1,A04,S18,P198,T37161,192,222,27.6,55.35,O9047,7,409,R002,Agt065,67,47,0
2024-01-01 09:50:00,W2,A19,S10,P116,T76367,195,211,18.39,66.72,O5513,34,89,R048,Agt097,34,65,0
2024-01-01 10:00:00,W1,A12,S06,P180,T79644,84,188,27.35,60.88,O3123,24,245,R009,Agt044,115,49,0
2024-01-01 10:10:00,W1,A05,S10,P174,T38223,29,223,24.92,46.55,O6904,32,132,R031,Agt033,116,47,1
2024-01-01 10:20:00,W2,A10,S25,P169,T82171,129,275,20.12,59.16,O9379,43,489,R012,Agt045,8,79,0
2024-01-01 10:30:00,W2,A09,S25,P165,T41191,14,273,24.22,64.84,O5908,34,431,R004,Agt086,110,22,1
2024-01-01 10:40:00,W1,A01,S27,P135,T76207,135,185,25.9,41.45,O8117,46,366,R012,Agt081,115,93,0
2024-01-01 10:50:00,W1,A03,S13,P187,T76741,160,286,18.59,42.98,O6841,32,483,R015,Agt098,39,107,0
2024-01-01 11:00:00,W2,A03,S26,P103,T16205,148,270,21.79,41.82,O3923,25,108,R003,Agt022,119,69,0
2024-01-01 11:10:00,W2,A07,S16,P163,T52343,187,214,25.98,56.54,O9305,32,190,R037,Agt068,0,48,0
2024-01-01 11:20:00,W1,A02,S02,P160,T41860,96,245,23.33,40.61,O8023,40,145,R037,Agt034,69,11,0
2024-01-01 11:30:00,W1,A09,S20,P195,T85964,12,156,20.77,44.04,O4047,17,24,R012,Agt061,39,22,1
2024-01-01 11:40:00,W3,A03,S25,P115,T60368,180,208,21.83,37.25,O9662,10,444,R005,Agt071,53,113,0
2024-01-01 11:50:00,W3,A10,S13,P125,T76786,167,285,20.12,69.86,O4471,26,258,R019,Agt010,8,11,0
2024-01-01 12:00:00,W2,A18,S16,P166,T17717,34,239,18.69,63.51,O1173,17,45,R034,Agt095,26,84,1
2024-01-01 12:10:00,W3,A03,S07,P166,T31342,181,180,25.68,45.68,O3104,17,213,R045,Agt022,37,51,0
2024-01-01 12:20:00,W2,A05,S18,P181,T57891,8,273,26.63,55.62,O1980,47,190,R033,Agt045,21,110,1
2024-01-01 12:30:00,W3,A03,S18,P100,T79237,165,160,20.92,67.47,O5782,38,250,R014,Agt067,99,110,0
2024-01-01 12:40:00,W1,A14,S06,P118,T30783,90,285,22.85,68.37,O4884,3,121,R007,Agt017,79,37,0
2024-01-01 12:50:00,W2,A09,S25,P138,T43747,6,265,24.43,39.36,O6188,12,432,R036,Agt079,10,20,1
2024-01-01 13:00:00,W3,A20,S15,P165,T43383,169,162,24.09,51.7,O5557,48,243,R003,Agt035,25,68,0
2024-01-01 13:10:00,W1,A04,S03,P155,T47346,196,150,23.0,59.11,O4726,25,318,R017,Agt027,45,23,0
2024-01-01 13:20:00,W3,A17,S11,P100,T50473,107,236,22.5,50.07,O9798,2,434,R030,Agt075,8,87,0
2024-01-01 13:30:00,W2,A12,S14,P179,T57254,182,277,24.29,54.91,O6699,7,193,R016,Agt013,59,31,0
2024-01-01 13:40:00,W3,A20,S15,P145,T97845,8,194,19.65,45.89,O4770,23,63,R019,Agt020,20,116,1
2024-01-01 13:50:00,W2,A19,S07,P103,T96633,185,170,18.98,64.26,O3875,44,446,R002,Agt079,35,113,0
2024-01-01 14:00:00,W3,A14,S27,P191,T38218,96,262,25.95,39.8,O6816,23,76,R043,Agt058,30,28,0
2024-01-01 14:10:00,W1,A10,S14,P135,T56676,156,276,22.38,66.52,O1316,28,257,R025,Agt060,83,85,0
2024-01-01 14:20:00,W3,A15,S12,P118,T16540,77,272,19.2,69.26,O6232,36,297,R049,Agt002,13,85,1
2024-01-01 14:30:00,W3,A04,S02,P153,T94540,124,184,21.1,69.31,O5831,38,467,R017,Agt063,5,23,0
2024-01-01 14:40:00,W1,A10,S19,P197,T68006,110,217,27.7,67.36,O1942,17,141,R005,Agt096,44,51,0
2024-01-01 14:50:00,W3,A04,S18,P138,T18577,22,277,23.42,67.88,O3626,12,39,R045,Agt032,70,81,1
2024-01-01 15:00:00,W1,A06,S21,P133,T58665,150,212,18.47,59.8,O2884,29,335,R038,Agt090,89,21,0
2024-01-01 15:10:00,W3,A04,S02,P146,T24707,58,195,18.25,60.91,O1350,3,415,R037,Agt043,66,64,1
2024-01-01 15:20:00,W1,A02,S02,P131,T81975,198,234,24.13,53.6,O1309,49,123,R002,Agt031,36,98,0
2024-01-01 15:30:00,W2,A09,S17,P167,T36076,69,152,19.04,60.68,O6513,48,134,R034,Agt085,114,90,1
2024-01-01 15:40:00,W3,A12,S17,P142,T56448,27,203,20.17,39.76,O3074,20,457,R003,Agt007,19,13,0
2024-01-01 15:50:00,W3,A18,S16,P144,T81846,152,295,18.97,53.3,O2283,42,402,R025,Agt091,86,21,0
2024-01-01 16:00:00,W2,A03,S28,P154,T59035,77,229,26.72,62.89,O7675,40,414,R010,Agt075,23,19,0
2024-01-01 16:10:00,W1,A09,S24,P101,T81907,86,184,21.32,41.14,O7122,21,341,R013,Agt052,61,32,0
2024-01-01 16:20:00,W2,A16,S19,P183,T94219,122,198,20.99,57.88,O2758,18,426,R023,Agt025,119,14,0
2024-01-01 16:30:00,W2,A11,S21,P172,T26991,20,207,23.07,50.8,O6075,43,70,R034,Agt013,102,65,1
2024-01-01 16:40:00,W3,A11,S26,P133,T96409,24,279,23.27,45.34,O5513,30,233,R044,Agt006,39,80,1
2024-01-01 16:50:00,W3,A16,S04,P100,T95121,38,244,20.87,68.05,O6601,14,36,R012,Agt038,46,61,1
2024-01-01 17:00:00,W2,A17,S01,P125,T77967,9,253,23.64,52.89,O7981,19,330,R006,Agt038,55,107,1
2024-01-01 17:10:00,W2,A18,S07,P111,T91751,192,219,21.28,62.78,O9028,19,64,R033,Agt096,47,100,0
2024-01-01 17:20:00,W1,A08,S18,P121,T65768,196,208,18.05,69.11,O9666,18,308,R023,Agt093,19,98,0
2024-01-01 17:30:00,W1,A04,S19,P125,T16320,78,281,25.57,37.87,O7093,42,107,R037,Agt043,93,72,0
2024-01-01 17:40:00,W2,A03,S29,P195,T49193,105,150,27.63,47.83,O1202,27,338,R022,Agt068,26,92,0
2024-01-01 17:50:00,W3,A11,S18,P169,T24156,96,270,27.91,45.4,O5335,46,230,R021,Agt064,88,54,0
2024-01-01 18:00:00,W1,A17,S28,P192,T16786,154,191,26.07,60.93,O3796,43,263,R015,Agt025,112,52,0
2024-01-01 18:10:00,W3,A08,S01,P125,T55724,144,274,25.33,36.2,O7379,41,266,R039,Agt054,89,103,0
2024-01-01 18:20:00,W2,A12,S21,P148,T68394,86,230,23.62,52.43,O2540,23,56,R001,Agt029,16,102,1
2024-01-01 18:30:00,W2,A18,S01,P188,T84187,61,216,25.79,68.65,O3166,37,73,R040,Agt047,32,112,1
2024-01-01 18:40:00,W1,A11,S08,P103,T23795,155,191,19.27,65.25,O5989,18,433,R017,Agt070,99,105,0
2024-01-01 18:50:00,W2,A02,S11,P157,T14465,29,150,19.28,63.36,O3452,45,456,R048,Agt029,102,33,1
2024-01-01 19:00:00,W3,A06,S22,P112,T51153,133,152,19.63,41.9,O4429,45,449,R005,Agt005,25,40,0
2024-01-01 19:10:00,W2,A19,S16,P161,T17410,179,157,21.01,58.66,O3133,20,311,R001,Agt048,7,20,0
2024-01-01 19:20:00,W3,A01,S01,P167,T96330,165,178,19.62,64.84,O9044,34,377,R028,Agt098,52,68,0
2024-01-01 19:30:00,W3,A08,S03,P113,T78621,20,233,23.44,61.99,O3477,41,257,R023,Agt023,35,110,1
2024-01-01 19:40:00,W3,A08,S02,P166,T10954,150,262,19.31,62.81,O1298,39,455,R011,Agt079,63,86,0
2024-01-01 19:50:00,W1,A07,S25,P182,T71439,94,258,21.31,49.63,O5364,15,108,R007,Agt095,87,74,0
2024-01-01 20:00:00,W1,A06,S15,P165,T71636,155,261,18.46,39.21,O7084,33,362,R014,Agt026,31,20,0
2024-01-01 20:10:00,W2,A07,S17,P143,T23323,139,159,18.71,48.63,O7245,32,264,R012,Agt010,64,49,0
2024-01-01 20:20:00,W3,A13,S28,P170,T36868,53,242,27.53,40.08,O6464,36,376,R037,Agt027,62,32,0
2024-01-01 20:30:00,W2,A05,S10,P162,T70119,127,177,20.26,62.06,O2089,13,316,R022,Agt062,14,64,0
2024-01-01 20:40:00,W2,A15,S14,P172,T94729,71,198,23.28,49.8,O9528,13,23,R020,Agt050,63,36,0
2024-01-01 20:50:00,W3,A03,S05,P103,T39900,193,294,24.16,60.9,O4473,39,53,R039,Agt063,19,84,0
2024-01-01 21:00:00,W1,A11,S20,P188,T50464,78,253,19.87,48.67,O2184,47,278,R047,Agt068,47,53,0
2024-01-01 21:10:00,W3,A16,S06,P197,T18529,115,179,24.18,69.85,O7820,32,71,R030,Agt074,23,78,0
2024-01-01 21:20:00,W1,A03,S09,P125,T35097,113,153,18.71,55.41,O5968,41,417,R001,Agt048,66,103,0
2024-01-01 21:30:00,W1,A16,S15,P149,T71322,73,281,23.61,48.34,O1378,1,182,R037,Agt026,29,88,1
2024-01-01 21:40:00,W3,A17,S08,P168,T47571,168,168,21.71,62.36,O5546,32,178,R010,Agt031,78,16,0
2024-01-01 21:50:00,W3,A19,S08,P169,T99639,38,155,25.78,53.85,O6307,17,269,R006,Agt078,4,100,1
2024-01-01 22:00:00,W3,A19,S05,P108,T18680,138,242,23.35,60.95,O7124,35,341,R002,Agt012,42,85,0
2024-01-01 22:10:00,W2,A03,S22,P128,T20906,16,225,20.42,52.11,O4063,12,189,R042,Agt067,115,105,1
2024-01-01 22:20:00,W2,A04,S29,P192,T55056,173,173,22.97,62.97,O1036,15,284,R024,Agt042,103,105,0
2024-01-01 22:30:00,W1,A08,S28,P116,T20387,22,273,26.24,49.58,O1270,30,261,R024,Agt025,60,75,1
2024-01-01 22:40:00,W3,A04,S10,P162,T82312,169,171,23.14,57.79,O3540,18,208,R047,Agt045,84,13,0
2024-01-01 22:50:00,W2,A11,S06,P151,T52776,171,170,26.63,49.41,O6241,49,33,R026,Agt028,86,68,0
2024-01-01 23:00:00,W2,A18,S17,P150,T58563,46,236,26.76,38.08,O2970,39,344,R008,Agt063,119,83,1
2024-01-01 23:10:00,W3,A11,S29,P148,T15158,20,164,26.71,42.28,O6860,27,404,R008,Agt031,86,36,1
2024-01-01 23:20:00,W1,A03,S05,P156,T96630,26,249,24.63,62.19,O6763,14,32,R016,Agt025,67,24,0
2024-01-01 23:30:00,W3,A02,S17,P109,T91772,25,172,20.84,57.71,O3114,18,248,R043,Agt042,8,114,1
2024-01-01 23:40:00,W3,A06,S17,P106,T62985,58,197,20.61,68.45,O4386,8,445,R028,Agt033,6,91,1
2024-01-01 23:50:00,W2,A17,S29,P186,T13924,99,194,18.64,68.67,O6656,2,148,R039,Agt053,6,54,0
2024-01-02 00:00:00,W1,A11,S19,P166,T13071,120,188,22.51,42.94,O6515,20,334,R032,Agt065,35,36,0
2024-01-02 00:10:00,W3,A06,S28,P131,T12677,166,239,21.04,39.01,O1999,27,61,R033,Agt043,10,111,0
2024-01-02 00:20:00,W3,A17,S05,P101,T21658,75,150,21.36,59.37,O1050,12,471,R036,Agt024,8,59,0
2024-01-02 00:30:00,W3,A10,S13,P121,T16307,117,175,19.35,62.06,O6283,6,78,R017,Agt018,61,60,0
2024-01-02 00:40:00,W3,A13,S24,P130,T77560,79,299,27.73,67.48,O3299,22,442,R022,Agt033,27,29,0
2024-01-02 00:50:00,W1,A02,S26,P189,T93712,139,212,26.59,54.64,O6108,47,227,R047,Agt067,98,45,0
2024-01-02 01:00:00,W2,A12,S26,P121,T97294,107,213,21.54,36.58,O2094,6,452,R046,Agt019,32,37,0
2024-01-02 01:10:00,W2,A12,S22,P110,T24271,16,207,26.4,59.42,O3726,39,349,R035,Agt042,65,13,0
2024-01-02 01:20:00,W2,A18,S26,P105,T10830,129,278,24.06,64.14,O6350,43,33,R011,Agt088,116,78,0
2024-01-02 01:30:00,W2,A03,S03,P126,T20143,131,274,21.96,38.24,O5346,21,374,R008,Agt025,42,63,0
2024-01-02 01:40:00,W3,A06,S03,P177,T77346,43,189,24.33,56.65,O9004,16,233,R044,Agt074,42,116,1
2024-01-02 01:50:00,W2,A19,S22,P195,T21281,57,196,22.31,48.59,O7122,15,306,R038,Agt033,55,100,1
2024-01-02 02:00:00,W1,A17,S21,P177,T35750,32,280,21.64,62.49,O1561,24,368,R025,Agt004,44,110,1
2024-01-02 02:10:00,W2,A06,S19,P104,T31906,43,217,23.73,65.43,O9959,31,191,R001,Agt021,32,82,1
2024-01-02 02:20:00,W3,A09,S19,P140,T43674,25,296,27.29,61.48,O9635,13,429,R027,Agt073,119,58,1
2024-01-02 02:30:00,W1,A14,S24,P150,T91811,19,154,25.01,43.99,O1669,31,214,R028,Agt047,24,37,1
2024-01-02 02:40:00,W3,A01,S10,P117,T41936,105,197,20.27,65.27,O2769,49,498,R007,Agt070,1,37,0
2024-01-02 02:50:00,W2,A11,S30,P106,T67463,11,262,23.79,46.24,O5399,17,252,R048,Agt052,83,103,1
2024-01-02 03:00:00,W1,A08,S24,P108,T10424,118,233,27.33,48.52,O4681,34,128,R037,Agt092,108,93,0
2024-01-02 03:10:00,W3,A04,S25,P112,T12760,125,198,24.32,46.34,O4551,2,406,R043,Agt001,2,54,0
2024-01-02 03:20:00,W2,A07,S16,P144,T31155,137,161,20.81,55.85,O5353,3,250,R026,Agt059,12,72,0
2024-01-02 03:30:00,W1,A04,S16,P153,T96749,9,247,22.29,61.76,O7000,16,263,R039,Agt090,109,69,1
2024-01-02 03:40:00,W1,A06,S08,P171,T38300,135,203,25.81,39.62,O5574,38,495,R022,Agt025,24,57,0
2024-01-02 03:50:00,W2,A07,S05,P107,T85482,56,261,25.9,53.52,O9527,15,177,R014,Agt072,46,114,1
2024-01-02 04:00:00,W3,A18,S20,P167,T50136,124,268,24.29,35.77,O4653,34,155,R025,Agt018,75,80,0
2024-01-02 04:10:00,W2,A07,S29,P195,T63946,52,161,26.76,58.7,O2534,45,120,R026,Agt056,47,74,1
2024-01-02 04:20:00,W1,A02,S09,P116,T23757,79,250,19.98,58.91,O1238,48,265,R020,Agt049,109,65,0
2024-01-02 04:30:00,W1,A06,S22,P193,T69960,166,203,18.14,40.47,O5250,1,473,R025,Agt031,90,29,0
2024-01-02 04:40:00,W2,A10,S16,P123,T27650,73,178,26.82,66.66,O5914,32,284,R049,Agt090,95,43,0
2024-01-02 04:50:00,W3,A15,S06,P135,T36141,146,179,18.01,62.98,O5557,45,357,R021,Agt027,63,13,0
2024-01-02 05:00:00,W1,A18,S15,P116,T61190,153,160,20.3,55.09,O3652,28,288,R009,Agt079,92,88,0
2024-01-02 05:10:00,W2,A13,S05,P123,T31500,85,299,18.28,48.88,O2434,3,383,R017,Agt075,31,12,0
2024-01-02 05:20:00,W1,A14,S09,P135,T42159,188,248,22.17,42.3,O6160,9,406,R012,Agt011,116,38,0
2024-01-02 05:30:00,W2,A13,S29,P199,T62067,105,156,20.42,39.29,O1461,25,130,R046,Agt078,73,17,0
2024-01-02 05:40:00,W1,A15,S18,P168,T44272,90,279,21.72,55.76,O1397,42,49,R033,Agt099,108,51,0
2024-01-02 05:50:00,W2,A16,S28,P198,T50213,199,291,27.12,48.09,O2791,19,407,R034,Agt009,91,91,0
2024-01-02 06:00:00,W1,A10,S10,P120,T70305,25,257,19.07,35.45,O8328,26,382,R044,Agt007,62,69,1
2024-01-02 06:10:00,W3,A06,S30,P170,T74685,83,184,22.94,57.38,O4564,14,125,R009,Agt038,40,68,0
2024-01-02 06:20:00,W1,A03,S13,P192,T88519,158,180,23.43,44.08,O1097,47,122,R002,Agt096,74,107,0
2024-01-02 06:30:00,W3,A06,S22,P181,T66917,64,253,20.39,48.83,O6498,9,172,R017,Agt053,92,33,0
2024-01-02 06:40:00,W1,A15,S17,P167,T79380,150,263,24.9,68.2,O9921,46,337,R015,Agt058,118,97,0
2024-01-02 06:50:00,W3,A06,S26,P126,T98904,61,281,21.77,47.19,O8152,33,110,R002,Agt011,63,14,0
2024-01-02 07:00:00,W2,A03,S19,P139,T98188,80,181,19.11,51.59,O2780,12,59,R027,Agt055,101,12,0
2024-01-02 07:10:00,W2,A12,S17,P155,T98437,20,186,26.92,35.05,O3585,15,460,R032,Agt002,41,113,1
2024-01-02 07:20:00,W2,A18,S06,P109,T26178,138,211,25.45,55.11,O1898,38,319,R005,Agt067,34,59,0
2024-01-02 07:30:00,W1,A02,S04,P118,T19404,148,230,25.62,40.7,O9607,43,358,R043,Agt070,84,42,0
2024-01-02 07:40:00,W2,A20,S20,P175,T89763,118,218,23.54,52.51,O7644,20,323,R049,Agt050,109,79,0
2024-01-02 07:50:00,W1,A16,S10,P106,T67352,170,209,18.82,53.9,O6973,31,402,R044,Agt093,75,75,0
2024-01-02 08:00:00,W2,A17,S17,P124,T30199,186,157,27.55,41.36,O4800,6,117,R009,Agt012,50,53,0
2024-01-02 08:10:00,W3,A10,S15,P152,T52197,14,299,26.76,49.41,O8681,18,101,R037,Agt043,8,69,1
2024-01-02 08:20:00,W3,A20,S19,P102,T12982,159,188,27.93,39.49,O8527,7,53,R011,Agt024,110,107,0
2024-01-02 08:30:00,W3,A15,S04,P158,T47042,83,172,21.95,53.57,O5310,25,317,R005,Agt042,18,103,1
2024-01-02 08:40:00,W2,A19,S26,P137,T70875,85,192,21.57,62.92,O1207,37,197,R034,Agt096,112,78,0
2024-01-02 08:50:00,W1,A13,S21,P146,T75924,113,201,24.89,61.68,O1428,11,36,R035,Agt058,52,115,1
2024-01-02 09:00:00,W2,A06,S11,P108,T56655,100,270,22.17,37.09,O2793,3,150,R039,Agt091,14,28,0
2024-01-02 09:10:00,W1,A04,S29,P172,T93211,22,163,27.82,54.03,O2615,15,358,R043,Agt066,104,76,1
2024-01-02 09:20:00,W2,A08,S19,P141,T19632,68,162,18.93,66.49,O8305,47,406,R028,Agt085,86,33,0
2024-01-02 09:30:00,W1,A10,S07,P164,T99102,56,152,22.48,48.46,O8202,14,309,R004,Agt034,30,62,1
2024-01-02 09:40:00,W3,A13,S23,P147,T51445,168,217,22.93,59.35,O2190,13,395,R045,Agt023,70,102,0
2024-01-02 09:50:00,W1,A13,S01,P100,T22657,167,278,22.48,45.21,O3209,25,176,R004,Agt021,102,115,0
2024-01-02 10:00:00,W3,A11,S22,P147,T75602,192,278,26.61,64.73,O4453,35,357,R019,Agt090,103,104,0
2024-01-02 10:10:00,W1,A17,S22,P109,T10095,132,251,23.86,37.72,O6637,47,399,R049,Agt010,63,55,0
2024-01-02 10:20:00,W3,A05,S04,P116,T52019,39,237,20.39,67.5,O2580,40,47,R006,Agt092,24,88,1
2024-01-02 10:30:00,W2,A16,S10,P192,T31440,137,252,25.14,51.35,O8032,9,180,R018,Agt088,29,27,0
2024-01-02 10:40:00,W2,A10,S20,P145,T32483,92,295,27.68,39.57,O6827,8,162,R029,Agt056,114,58,0
2024-01-02 10:50:00,W3,A17,S16,P187,T24505,22,226,25.48,50.61,O1611,38,86,R001,Agt061,111,20,0
2024-01-02 11:00:00,W2,A03,S07,P126,T59215,83,245,26.49,41.28,O1100,18,375,R004,Agt057,104,112,1
2024-01-02 11:10:00,W3,A12,S08,P108,T59228,111,184,27.44,36.27,O5115,47,25,R023,Agt075,71,21,0
2024-01-02 11:20:00,W2,A07,S23,P156,T66187,197,272,19.57,42.84,O4463,48,356,R015,Agt070,80,77,0
2024-01-02 11:30:00,W2,A10,S13,P112,T92320,14,165,24.76,62.41,O4558,30,369,R044,Agt094,22,119,1
2024-01-02 11:40:00,W2,A07,S22,P117,T73731,9,261,20.31,55.91,O6768,35,352,R036,Agt083,115,80,1
2024-01-02 11:50:00,W3,A11,S24,P112,T79266,15,161,24.63,45.26,O6259,39,90,R044,Agt074,8,91,1
2024-01-02 12:00:00,W2,A09,S19,P179,T93110,120,196,19.66,37.05,O4616,27,357,R014,Agt068,18,16,0
2024-01-02 12:10:00,W3,A19,S08,P105,T95266,120,196,26.67,39.29,O5036,33,113,R038,Agt062,22,70,0
2024-01-02 12:20:00,W3,A17,S25,P174,T79966,24,239,24.57,45.9,O3516,8,170,R046,Agt018,108,13,0
2024-01-02 12:30:00,W3,A11,S27,P114,T94167,24,184,23.03,39.24,O9532,18,210,R030,Agt045,102,117,1
2024-01-02 12:40:00,W3,A15,S12,P121,T52612,161,176,19.86,52.54,O2061,8,120,R035,Agt053,36,20,0
2024-01-02 12:50:00,W3,A17,S16,P191,T73790,199,218,26.0,49.65,O3004,35,243,R020,Agt067,12,18,0
2024-01-02 13:00:00,W2,A03,S05,P122,T12767,22,277,27.0,37.38,O2632,49,302,R015,Agt001,20,47,1
2024-01-02 13:10:00,W1,A15,S10,P134,T95647,40,267,27.87,59.57,O4728,16,157,R020,Agt001,31,102,1
2024-01-02 13:20:00,W1,A04,S01,P162,T40796,65,293,19.58,62.41,O7530,25,208,R044,Agt066,70,43,0
2024-01-02 13:30:00,W2,A04,S06,P147,T39455,187,205,27.94,63.3,O8409,15,323,R046,Agt064,59,43,0
2024-01-02 13:40:00,W2,A19,S24,P163,T34145,52,206,25.81,51.44,O5641,28,131,R047,Agt007,38,108,1
2024-01-02 13:50:00,W2,A10,S17,P198,T13925,155,248,18.41,35.34,O4265,37,77,R023,Agt087,95,25,0
2024-01-02 14:00:00,W3,A20,S03,P175,T35456,110,174,18.44,66.25,O8764,48,480,R011,Agt014,105,62,0
2024-01-02 14:10:00,W3,A18,S06,P188,T33208,68,180,27.49,45.1,O2974,14,464,R038,Agt078,97,105,1
2024-01-02 14:20:00,W2,A19,S19,P171,T79275,35,163,27.77,51.47,O8889,45,497,R032,Agt062,81,63,1
2024-01-02 14:30:00,W2,A03,S26,P153,T16464,144,165,27.48,66.07,O7157,38,56,R049,Agt083,101,80,0
2024-01-02 14:40:00,W2,A08,S16,P181,T27456,56,281,20.95,47.25,O9860,20,351,R029,Agt084,62,90,1
2024-01-02 14:50:00,W1,A13,S27,P111,T86425,140,260,23.15,46.86,O6684,38,238,R009,Agt096,66,94,0
2024-01-02 15:00:00,W3,A03,S22,P199,T99987,178,225,27.04,64.21,O5746,33,464,R023,Agt026,67,36,0
2024-01-02 15:10:00,W2,A03,S06,P181,T61267,102,207,19.5,58.92,O8641,2,186,R045,Agt054,98,72,0
2024-01-02 15:20:00,W2,A17,S21,P140,T66407,5,224,23.0,37.22,O1945,40,54,R045,Agt012,94,56,1
2024-01-02 15:30:00,W1,A10,S14,P160,T61216,127,292,22.46,60.27,O5768,13,273,R003,Agt004,50,52,0
2024-01-02 15:40:00,W3,A10,S12,P150,T10196,31,211,26.74,54.53,O6107,44,142,R029,Agt089,64,70,1
2024-01-02 15:50:00,W1,A20,S08,P132,T33411,199,279,18.71,63.13,O4301,2,51,R006,Agt027,101,56,0
2024-01-02 16:00:00,W2,A06,S17,P191,T63567,32,191,26.36,54.13,O7944,24,119,R032,Agt094,59,110,1
2024-01-02 16:10:00,W3,A12,S10,P151,T85514,173,250,19.11,62.27,O7769,12,327,R031,Agt054,31,97,0
2024-01-02 16:20:00,W3,A19,S08,P174,T91075,81,183,20.59,46.17,O5865,16,335,R040,Agt045,36,40,0
2024-01-02 16:30:00,W1,A09,S06,P193,T67711,170,194,21.53,64.03,O5688,19,87,R020,Agt075,46,42,0
2024-01-02 16:40:00,W1,A16,S15,P142,T59885,143,261,25.41,48.07,O4622,37,49,R046,Agt095,46,98,0
2024-01-02 16:50:00,W2,A08,S08,P188,T43399,60,280,23.0,44.93,O9197,24,238,R047,Agt005,17,99,1
2024-01-02 17:00:00,W3,A19,S06,P151,T12589,21,168,20.3,37.01,O6384,12,105,R005,Agt023,54,25,1
2024-01-02 17:10:00,W1,A15,S21,P127,T67066,22,184,27.51,61.68,O3574,20,452,R021,Agt040,88,88,1
2024-01-02 17:20:00,W3,A14,S03,P105,T80688,187,230,19.44,54.23,O2426,20,126,R005,Agt098,59,98,0
2024-01-02 17:30:00,W1,A16,S26,P100,T13681,182,254,25.13,69.62,O3682,5,245,R042,Agt088,21,13,0
2024-01-02 17:40:00,W1,A02,S02,P105,T17116,30,243,25.43,48.25,O6551,8,132,R010,Agt072,97,42,1
2024-01-02 17:50:00,W1,A14,S28,P173,T77752,140,173,24.61,55.13,O3330,49,411,R034,Agt032,24,69,0
2024-01-02 18:00:00,W3,A20,S22,P131,T71410,76,220,26.42,57.22,O3926,24,486,R011,Agt019,22,45,0
2024-01-02 18:10:00,W3,A03,S07,P160,T33776,36,276,25.91,63.23,O2976,44,195,R017,Agt040,16,112,1
2024-01-02 18:20:00,W1,A03,S03,P181,T88358,43,295,25.18,53.12,O8597,12,85,R014,Agt086,97,106,1
2024-01-02 18:30:00,W1,A19,S15,P180,T24760,108,274,26.73,62.7,O7297,48,487,R041,Agt064,52,65,0
2024-01-02 18:40:00,W2,A09,S26,P192,T41327,48,244,20.31,43.51,O5804,20,130,R032,Agt038,37,118,1
2024-01-02 18:50:00,W3,A16,S21,P115,T40983,193,195,26.23,62.96,O5232,9,464,R030,Agt041,66,92,0
2024-01-02 19:00:00,W1,A10,S17,P103,T27226,67,293,25.33,43.68,O2385,11,42,R007,Agt072,54,36,0
2024-01-02 19:10:00,W3,A15,S07,P140,T57664,182,203,25.61,66.53,O5745,30,115,R045,Agt058,4,68,0
2024-01-02 19:20:00,W1,A05,S26,P159,T23973,61,220,27.27,58.46,O9130,12,75,R034,Agt010,84,68,1
2024-01-02 19:30:00,W2,A02,S11,P169,T28702,35,162,25.03,49.65,O1925,49,460,R049,Agt026,48,67,1
2024-01-02 19:40:00,W1,A14,S06,P153,T41635,150,202,26.89,50.94,O2036,17,384,R012,Agt023,35,119,0
2024-01-02 19:50:00,W3,A08,S08,P110,T92057,84,282,20.92,69.74,O8956,21,118,R011,Agt046,82,18,0
2024-01-02 20:00:00,W1,A15,S01,P129,T30610,86,196,24.84,53.27,O5548,35,24,R018,Agt066,114,53,0
2024-01-02 20:10:00,W2,A12,S28,P177,T13129,90,290,22.16,62.4,O4337,49,263,R028,Agt091,68,73,0
2024-01-02 20:20:00,W1,A10,S06,P164,T75584,153,293,21.23,48.19,O8950,17,133,R027,Agt072,6,58,0
2024-01-02 20:30:00,W3,A20,S16,P134,T55617,109,150,27.78,37.47,O8576,13,91,R004,Agt081,0,115,1
2024-01-02 20:40:00,W2,A12,S15,P141,T95326,45,210,25.78,46.62,O3092,13,409,R043,Agt054,77,111,1
2024-01-02 20:50:00,W2,A06,S09,P106,T23817,37,151,18.87,62.08,O1737,22,73,R011,Agt010,0,104,1
2024-01-02 21:00:00,W1,A10,S18,P199,T50497,63,158,22.69,37.41,O2393,29,118,R022,Agt065,43,108,1
2024-01-02 21:10:00,W3,A17,S21,P186,T57831,19,294,25.14,59.72,O2084,42,274,R013,Agt016,104,71,1
2024-01-02 21:20:00,W3,A16,S03,P129,T20152,144,180,25.17,51.82,O7640,44,71,R035,Agt003,112,10,0
2024-01-02 21:30:00,W2,A08,S27,P190,T34799,28,218,19.32,39.2,O7223,13,207,R046,Agt077,10,51,1
2024-01-02 21:40:00,W1,A17,S20,P145,T61006,180,239,18.02,66.58,O3261,28,387,R041,Agt015,41,25,0
2024-01-02 21:50:00,W1,A08,S02,P100,T91236,164,283,19.48,59.36,O2026,13,231,R034,Agt016,70,90,0
2024-01-02 22:00:00,W3,A20,S30,P116,T24459,91,290,23.64,50.24,O5089,19,99,R013,Agt022,105,80,0
2024-01-02 22:10:00,W2,A11,S03,P174,T38836,120,180,22.33,55.45,O1493,23,54,R027,Agt056,2,117,0
2024-01-02 22:20:00,W2,A15,S21,P181,T21636,32,188,22.95,51.68,O5716,47,259,R012,Agt071,110,46,1
2024-01-02 22:30:00,W3,A03,S27,P194,T98511,184,209,19.03,42.01,O1359,30,20,R029,Agt004,35,95,0
2024-01-02 22:40:00,W2,A01,S09,P113,T12669,31,295,23.89,40.32,O3592,49,415,R043,Agt023,96,111,1
2024-01-02 22:50:00,W2,A10,S04,P115,T57082,115,172,22.19,60.94,O5062,14,455,R023,Agt025,85,55,0
2024-01-02 23:00:00,W3,A01,S11,P103,T31955,173,277,25.45,53.84,O7629,18,411,R025,Agt058,82,114,0
2024-01-02 23:10:00,W3,A13,S15,P166,T56490,193,257,27.84,60.8,O9402,27,197,R023,Agt075,110,35,0
2024-01-02 23:20:00,W2,A12,S02,P185,T88423,60,165,20.77,59.13,O3640,33,302,R008,Agt069,25,84,1
2024-01-02 23:30:00,W1,A01,S30,P174,T70794,126,266,26.3,51.87,O1767,11,400,R010,Agt071,88,13,0
2024-01-02 23:40:00,W3,A13,S23,P188,T70116,7,240,20.15,48.54,O7792,33,392,R038,Agt007,59,29,1
2024-01-02 23:50:00,W2,A15,S26,P145,T88458,153,155,20.83,47.73,O9884,46,402,R022,Agt024,107,47,0
2024-01-03 00:00:00,W2,A05,S04,P147,T43204,91,225,24.91,46.37,O3733,21,421,R029,Agt003,84,60,0
2024-01-03 00:10:00,W1,A15,S01,P153,T78786,41,250,24.45,41.97,O9337,17,381,R047,Agt018,111,11,0
2024-01-03 00:20:00,W3,A16,S04,P152,T41513,28,249,18.99,38.5,O6334,29,448,R021,Agt015,32,63,1
2024-01-03 00:30:00,W1,A09,S13,P126,T41251,11,293,27.49,49.18,O6727,7,396,R047,Agt079,59,58,1
2024-01-03 00:40:00,W1,A10,S16,P157,T66698,96,236,25.36,59.18,O5984,30,196,R009,Agt049,50,27,0
2024-01-03 00:50:00,W2,A14,S08,P110,T25356,185,163,25.72,51.7,O7843,4,274,R011,Agt074,78,51,0
2024-01-03 01:00:00,W1,A20,S12,P149,T56333,5,285,24.12,47.89,O5727,46,123,R019,Agt086,20,62,1
2024-01-03 01:10:00,W3,A09,S03,P143,T73125,178,173,23.19,36.35,O5120,21,242,R035,Agt050,12,30,0
2024-01-03 01:20:00,W2,A11,S26,P163,T88892,106,186,26.57,58.71,O9673,26,287,R016,Agt053,45,36,0
2024-01-03 01:30:00,W3,A16,S19,P184,T53048,13,163,18.91,63.52,O6408,25,467,R015,Agt072,100,33,1
2024-01-03 01:40:00,W2,A12,S18,P108,T56216,127,245,22.98,46.28,O8076,32,138,R037,Agt060,72,119,0
2024-01-03 01:50:00,W1,A06,S12,P165,T36275,54,190,22.02,61.56,O3553,3,355,R014,Agt090,35,104,1
2024-01-03 02:00:00,W3,A07,S13,P167,T96568,109,183,19.67,46.11,O5704,37,182,R003,Agt031,82,53,0
2024-01-03 02:10:00,W2,A14,S19,P150,T43419,22,256,24.89,43.22,O8043,37,255,R030,Agt026,27,66,1
2024-01-03 02:20:00,W2,A09,S20,P157,T80849,49,279,21.09,55.6,O6695,4,172,R013,Agt054,110,85,1
2024-01-03 02:30:00,W2,A20,S25,P194,T37533,36,156,19.9,67.6,O5660,34,105,R039,Agt045,49,47,1
2024-01-03 02:40:00,W1,A18,S30,P199,T55827,166,151,21.42,38.36,O8458,41,126,R016,Agt047,54,44,0
2024-01-03 02:50:00,W3,A12,S06,P106,T68747,69,285,26.97,61.77,O7742,21,126,R024,Agt088,63,16,0
2024-01-03 03:00:00,W3,A18,S07,P133,T92549,51,160,24.57,37.15,O9347,5,436,R044,Agt011,115,63,1
2024-01-03 03:10:00,W3,A13,S18,P121,T32225,31,197,24.57,36.13,O6936,42,114,R010,Agt033,105,92,1
2024-01-03 03:20:00,W3,A01,S13,P129,T67730,115,252,20.03,36.0,O3546,20,115,R019,Agt031,19,55,0
2024-01-03 03:30:00,W1,A17,S02,P131,T56868,48,155,18.84,51.49,O8553,28,192,R029,Agt071,6,50,1
2024-01-03 03:40:00,W3,A15,S19,P118,T42619,188,151,20.42,51.43,O8761,23,141,R014,Agt030,49,25,0
2024-01-03 03:50:00,W3,A16,S03,P171,T52666,157,181,25.03,57.51,O6129,27,63,R032,Agt088,107,39,0
2024-01-03 04:00:00,W2,A02,S11,P155,T95997,139,165,20.25,39.16,O6152,27,368,R001,Agt018,47,94,0
2024-01-03 04:10:00,W1,A09,S17,P163,T29225,176,274,27.04,42.12,O7461,28,204,R005,Agt080,40,67,0
2024-01-03 04:20:00,W1,A06,S19,P169,T29339,95,191,18.72,46.12,O8614,36,181,R001,Agt054,14,29,0
2024-01-03 04:30:00,W3,A04,S08,P197,T87248,73,218,21.45,43.29,O6813,11,124,R004,Agt039,20,10,0
2024-01-03 04:40:00,W1,A15,S11,P111,T96617,164,264,21.88,60.2,O1172,30,322,R020,Agt010,48,94,0
2024-01-03 04:50:00,W1,A04,S03,P198,T41337,69,211,23.09,37.8,O9844,27,54,R025,Agt069,75,108,1
2024-01-03 05:00:00,W3,A06,S22,P190,T21632,34,231,22.95,42.08,O1632,12,389,R025,Agt089,106,38,1
2024-01-03 05:10:00,W1,A01,S02,P113,T65334,46,164,20.49,59.35,O5157,5,304,R010,Agt007,30,37,0
2024-01-03 05:20:00,W3,A13,S28,P148,T20001,157,171,22.17,58.57,O5404,34,340,R015,Agt021,112,107,0
2024-01-03 05:30:00,W1,A13,S11,P180,T14595,125,217,21.37,40.31,O9600,32,177,R018,Agt094,65,48,0
2024-01-03 05:40:00,W1,A06,S22,P194,T94572,57,185,25.71,52.85,O1837,17,458,R019,Agt056,116,80,1
2024-01-03 05:50:00,W3,A20,S03,P119,T82096,78,254,22.5,61.11,O1115,39,26,R022,Agt005,114,20,0
2024-01-03 06:00:00,W2,A04,S06,P143,T92521,6,263,18.01,49.59,O9127,4,129,R026,Agt061,47,74,1
2024-01-03 06:10:00,W2,A15,S29,P181,T79454,78,236,19.12,48.5,O1983,32,485,R031,Agt014,69,52,0
2024-01-03 06:20:00,W3,A20,S30,P195,T38200,156,248,24.26,59.13,O7961,48,154,R042,Agt001,91,56,0
2024-01-03 06:30:00,W3,A04,S13,P189,T79288,104,295,24.27,68.61,O5188,29,163,R039,Agt028,42,78,0
2024-01-03 06:40:00,W1,A14,S17,P181,T59112,188,185,20.39,38.52,O8624,9,110,R026,Agt079,62,111,0
2024-01-03 06:50:00,W3,A15,S13,P186,T11890,141,155,25.4,49.51,O7726,46,392,R016,Agt013,69,28,0
2024-01-03 07:00:00,W1,A02,S19,P145,T33022,175,267,26.93,40.83,O1294,37,50,R037,Agt021,101,46,0
2024-01-03 07:10:00,W3,A13,S28,P183,T35533,87,184,20.26,49.05,O2399,45,172,R015,Agt077,36,66,0
2024-01-03 07:20:00,W3,A03,S25,P101,T22092,192,224,20.11,35.39,O2238,15,478,R048,Agt051,118,52,0
2024-01-03 07:30:00,W2,A10,S06,P107,T78163,86,274,20.78,54.52,O9492,33,430,R033,Agt030,81,20,0
2024-01-03 07:40:00,W3,A06,S04,P196,T90454,185,267,18.83,46.07,O4586,31,164,R037,Agt064,1,40,0
2024-01-03 07:50:00,W1,A03,S13,P122,T81717,25,169,19.53,54.66,O5788,38,400,R017,Agt014,118,30,1
2024-01-03 08:00:00,W3,A19,S07,P160,T41760,64,218,20.8,67.52,O4934,33,474,R023,Agt003,11,55,0
2024-01-03 08:10:00,W3,A01,S09,P110,T12184,11,160,19.02,41.25,O4886,14,83,R005,Agt019,52,63,1
2024-01-03 08:20:00,W2,A20,S22,P142,T12450,91,179,19.8,68.69,O5987,10,234,R038,Agt089,48,52,0
2024-01-03 08:30:00,W3,A06,S30,P132,T83835,160,243,23.01,54.91,O4133,33,182,R033,Agt079,116,102,0
2024-01-03 08:40:00,W3,A07,S28,P107,T58948,177,198,27.79,68.75,O8309,25,379,R008,Agt075,39,51,0
2024-01-03 08:50:00,W1,A18,S17,P196,T89181,74,161,22.36,69.15,O8760,24,236,R004,Agt068,91,56,0
2024-01-03 09:00:00,W3,A15,S04,P144,T60701,44,208,24.07,64.65,O3212,34,228,R022,Agt095,60,47,1
2024-01-03 09:10:00,W3,A19,S15,P124,T84528,187,169,25.9,69.93,O6957,18,253,R023,Agt004,11,44,0
2024-01-03 09:20:00,W1,A16,S26,P118,T40706,63,269,19.22,50.03,O5991,21,472,R023,Agt093,84,12,0
2024-01-03 09:30:00,W1,A13,S15,P112,T33315,102,216,27.44,58.04,O8173,36,111,R002,Agt034,30,112,1
2024-01-03 09:40:00,W2,A04,S15,P192,T94840,96,213,22.02,39.96,O2121,2,484,R009,Agt089,73,11,0
2024-01-03 09:50:00,W1,A15,S12,P198,T11390,133,187,27.49,44.67,O4210,45,154,R008,Agt099,111,66,0
2024-01-03 10:00:00,W2,A14,S01,P169,T39546,122,160,27.47,46.37,O7710,32,439,R025,Agt074,117,63,0
2024-01-03 10:10:00,W1,A02,S27,P195,T20325,198,235,19.37,36.57,O7580,40,145,R017,Agt003,109,18,0
2024-01-03 10:20:00,W1,A14,S19,P101,T60009,29,187,19.05,61.75,O6088,45,330,R047,Agt055,112,110,1
2024-01-03 10:30:00,W2,A06,S04,P142,T76234,176,192,20.12,65.18,O3927,47,441,R039,Agt062,50,12,0
2024-01-03 10:40:00,W2,A10,S20,P165,T78730,122,239,22.44,43.45,O3391,45,117,R007,Agt058,67,111,0
2024-01-03 10:50:00,W2,A07,S30,P131,T92725,88,234,20.17,41.92,O1059,26,162,R032,Agt055,112,91,1
2024-01-03 11:00:00,W1,A06,S10,P145,T46154,44,192,19.59,58.01,O1721,24,197,R040,Agt062,85,104,1
2024-01-03 11:10:00,W1,A05,S28,P138,T61081,33,251,25.17,58.3,O4730,31,354,R031,Agt011,17,104,1
2024-01-03 11:20:00,W2,A07,S19,P121,T58707,88,289,27.38,68.73,O5744,4,62,R010,Agt074,94,23,0
2024-01-03 11:30:00,W2,A09,S10,P175,T96288,160,223,24.74,62.46,O4306,44,161,R032,Agt025,53,71,0
2024-01-03 11:40:00,W2,A13,S13,P161,T52952,181,226,25.17,37.69,O1222,38,491,R004,Agt069,32,91,0
2024-01-03 11:50:00,W1,A13,S05,P116,T78506,71,292,24.36,53.69,O7665,24,331,R038,Agt062,58,76,1
2024-01-03 12:00:00,W1,A06,S04,P156,T87219,51,269,20.71,66.44,O6317,45,479,R014,Agt005,16,83,1
2024-01-03 12:10:00,W1,A14,S11,P131,T61091,98,299,23.39,66.6,O3723,2,123,R043,Agt025,70,66,0
2024-01-03 12:20:00,W2,A04,S24,P167,T57678,105,160,24.01,44.66,O4867,48,200,R042,Agt092,8,73,0
2024-01-03 12:30:00,W2,A16,S07,P192,T64752,73,181,26.69,54.25,O5275,30,207,R039,Agt077,87,57,0
2024-01-03 12:40:00,W2,A09,S29,P112,T64597,51,151,22.21,68.3,O7198,43,119,R043,Agt058,79,97,1
2024-01-03 12:50:00,W2,A07,S12,P177,T34937,182,176,23.65,49.32,O1110,12,178,R035,Agt020,118,110,0
2024-01-03 13:00:00,W3,A07,S11,P102,T71312,117,165,24.23,53.49,O1297,33,493,R012,Agt020,41,43,0
2024-01-03 13:10:00,W1,A17,S26,P154,T82297,146,247,27.52,46.35,O3383,29,39,R046,Agt015,20,110,0
2024-01-03 13:20:00,W2,A14,S13,P195,T23975,138,283,18.75,65.31,O3644,19,480,R040,Agt038,19,74,0
2024-01-03 13:30:00,W1,A13,S02,P134,T40085,77,235,18.1,56.77,O5490,38,341,R047,Agt093,108,65,0
2024-01-03 13:40:00,W2,A11,S15,P168,T33199,108,195,18.08,68.38,O8732,43,139,R029,Agt060,119,96,0
2024-01-03 13:50:00,W1,A20,S12,P158,T28827,48,265,19.09,55.54,O3351,29,481,R008,Agt053,80,24,0
2024-01-03 14:00:00,W2,A09,S14,P158,T27025,96,198,18.67,52.63,O3039,17,358,R031,Agt059,98,63,0
2024-01-03 14:10:00,W3,A08,S08,P104,T77507,35,238,26.74,59.17,O4614,44,157,R027,Agt027,20,99,1
2024-01-03 14:20:00,W1,A16,S13,P151,T18339,135,263,20.17,39.1,O5283,26,240,R023,Agt030,94,75,0
2024-01-03 14:30:00,W2,A20,S27,P175,T12775,174,178,23.59,40.12,O9452,35,363,R042,Agt066,8,87,0
2024-01-03 14:40:00,W2,A16,S25,P162,T76424,170,170,26.88,68.72,O1806,25,351,R036,Agt029,8,68,0
2024-01-03 14:50:00,W3,A20,S02,P101,T75439,43,218,25.09,68.67,O1484,36,422,R029,Agt059,53,23,0
2024-01-03 15:00:00,W2,A15,S02,P128,T14760,176,182,21.37,59.51,O5229,15,395,R022,Agt098,73,72,0
2024-01-03 15:10:00,W2,A19,S26,P193,T21374,132,178,23.21,58.18,O8008,21,451,R039,Agt051,104,109,0
2024-01-03 15:20:00,W3,A17,S25,P174,T25158,68,202,20.47,48.78,O9217,33,385,R047,Agt040,13,40,0
2024-01-03 15:30:00,W2,A18,S30,P151,T89170,123,183,23.4,50.59,O6750,44,422,R030,Agt075,49,72,0
2024-01-03 15:40:00,W2,A19,S16,P139,T14245,27,244,27.32,53.96,O7312,10,183,R021,Agt099,46,96,1
2024-01-03 15:50:00,W2,A20,S08,P126,T40597,141,181,21.35,42.17,O8684,48,116,R040,Agt068,4,83,0
2024-01-03 16:00:00,W1,A20,S22,P144,T63974,116,205,27.24,42.68,O2107,24,22,R027,Agt028,102,38,0
2024-01-03 16:10:00,W3,A09,S24,P192,T25679,156,176,23.64,46.06,O3198,45,376,R015,Agt080,69,72,0
2024-01-03 16:20:00,W3,A16,S21,P128,T40914,5,195,24.33,42.58,O2949,35,429,R009,Agt048,93,33,1
2024-01-03 16:30:00,W2,A13,S13,P164,T96351,33,180,24.23,56.5,O4468,13,477,R039,Agt024,68,95,1
2024-01-03 16:40:00,W1,A15,S28,P192,T67266,161,283,18.15,49.69,O9995,25,364,R042,Agt066,40,98,0
2024-01-03 16:50:00,W1,A08,S30,P170,T86074,26,234,18.96,48.87,O6720,38,300,R042,Agt002,69,70,1
2024-01-03 17:00:00,W3,A17,S08,P177,T53966,97,270,27.04,40.29,O9217,46,429,R043,Agt078,67,62,0
2024-01-03 17:10:00,W3,A16,S11,P154,T94505,105,257,21.39,47.31,O5521,27,487,R006,Agt089,106,58,0
2024-01-03 17:20:00,W1,A09,S29,P189,T50063,94,264,25.15,37.47,O6881,4,355,R014,Agt093,112,91,0
2024-01-03 17:30:00,W1,A12,S11,P124,T59734,63,207,26.5,60.72,O8772,35,129,R039,Agt041,37,22,0
2024-01-03 17:40:00,W3,A06,S12,P135,T33079,125,260,20.81,66.12,O9711,44,51,R022,Agt039,105,13,0
2024-01-03 17:50:00,W2,A01,S09,P174,T43493,126,216,21.42,61.74,O3941,10,24,R005,Agt023,49,19,0
2024-01-03 18:00:00,W2,A17,S02,P182,T47665,19,278,18.52,68.47,O6826,45,141,R036,Agt009,109,88,1
2024-01-03 18:10:00,W1,A01,S05,P170,T93976,38,287,26.71,64.74,O4284,26,43,R024,Agt084,68,29,0
2024-01-03 18:20:00,W3,A05,S22,P194,T57558,109,247,26.33,68.31,O5071,39,401,R023,Agt045,21,60,0
2024-01-03 18:30:00,W1,A12,S25,P162,T71202,119,247,23.81,41.26,O1676,29,447,R029,Agt014,49,51,0
2024-01-03 18:40:00,W2,A12,S21,P122,T39252,149,198,18.89,65.18,O7914,22,371,R012,Agt082,102,10,0
2024-01-03 18:50:00,W1,A05,S22,P186,T47451,81,223,19.5,55.63,O5769,29,478,R045,Agt026,54,119,1
2024-01-03 19:00:00,W3,A08,S09,P152,T62639,84,239,19.09,67.53,O7816,42,281,R010,Agt071,14,57,0
2024-01-03 19:10:00,W3,A12,S15,P188,T29996,189,220,20.07,55.67,O7018,25,63,R005,Agt014,55,38,0
2024-01-03 19:20:00,W2,A13,S19,P101,T43106,187,299,19.84,37.34,O4864,6,61,R016,Agt010,44,67,0
2024-01-03 19:30:00,W1,A15,S20,P110,T68434,16,244,19.66,55.8,O4557,23,73,R044,Agt080,58,48,1
2024-01-03 19:40:00,W2,A01,S18,P100,T50733,92,295,22.56,37.39,O6301,11,157,R016,Agt043,23,39,0
2024-01-03 19:50:00,W2,A02,S04,P168,T71562,68,287,20.31,66.44,O6463,44,499,R014,Agt069,1,105,1
2024-01-03 20:00:00,W1,A07,S10,P149,T78167,123,256,22.29,44.41,O5241,24,409,R001,Agt059,4,26,0
2024-01-03 20:10:00,W2,A07,S02,P177,T50479,7,250,27.73,47.66,O5920,18,400,R038,Agt025,94,25,1
2024-01-03 20:20:00,W3,A20,S15,P128,T58433,147,185,19.17,52.5,O5778,26,41,R041,Agt032,26,118,0
2024-01-03 20:30:00,W1,A08,S03,P121,T28196,32,161,24.13,67.41,O1076,35,63,R011,Agt095,50,17,0
2024-01-03 20:40:00,W1,A10,S12,P150,T70215,146,260,19.76,36.61,O3248,18,154,R035,Agt043,34,65,0
2024-01-03 20:50:00,W1,A19,S18,P107,T34831,124,295,22.58,43.59,O4145,32,334,R049,Agt090,24,87,0
2024-01-03 21:00:00,W3,A11,S08,P103,T21768,188,151,20.89,53.07,O7993,20,41,R031,Agt078,115,50,0
2024-01-03 21:10:00,W3,A09,S28,P154,T32349,183,177,24.53,44.51,O6898,25,145,R005,Agt055,93,75,0
2024-01-03 21:20:00,W3,A14,S27,P171,T31829,88,186,24.44,60.21,O1061,43,143,R026,Agt062,57,109,1
2024-01-03 21:30:00,W2,A19,S29,P106,T22023,114,200,24.0,67.51,O8792,29,231,R017,Agt066,31,89,0
2024-01-03 21:40:00,W2,A07,S16,P194,T71135,117,240,20.73,50.66,O6696,13,352,R011,Agt030,98,48,0
2024-01-03 21:50:00,W3,A02,S06,P178,T82858,161,206,21.26,42.59,O1469,32,358,R047,Agt024,112,70,0
2024-01-03 22:00:00,W2,A16,S29,P144,T88549,51,178,26.15,47.47,O9579,16,341,R014,Agt065,47,93,1
2024-01-03 22:10:00,W3,A18,S30,P121,T89901,112,183,20.47,65.33,O4472,18,416,R008,Agt056,30,20,0
2024-01-03 22:20:00,W2,A20,S02,P184,T99058,30,243,25.6,46.57,O7514,47,95,R048,Agt025,112,14,0
2024-01-03 22:30:00,W2,A17,S13,P197,T88681,103,281,19.65,65.82,O7323,19,374,R017,Agt089,104,13,0
2024-01-03 22:40:00,W2,A02,S26,P163,T42815,41,291,26.05,37.39,O8897,48,384,R032,Agt014,97,48,1
2024-01-03 22:50:00,W3,A07,S18,P191,T95124,117,257,25.42,42.42,O1801,13,361,R022,Agt047,118,34,0
2024-01-03 23:00:00,W1,A01,S20,P186,T37125,103,249,23.58,37.04,O6547,17,456,R003,Agt027,39,46,0
2024-01-03 23:10:00,W3,A13,S01,P100,T51617,101,230,24.53,37.45,O9877,41,203,R014,Agt055,34,46,0
2024-01-03 23:20:00,W2,A20,S28,P178,T31420,130,150,26.52,49.39,O1494,32,306,R040,Agt070,27,107,0
2024-01-03 23:30:00,W2,A19,S02,P178,T68111,93,280,27.37,69.3,O3160,15,35,R049,Agt002,98,92,0
2024-01-03 23:40:00,W3,A11,S11,P120,T76163,104,279,21.13,68.28,O4671,14,211,R011,Agt081,88,59,0
2024-01-03 23:50:00,W2,A08,S29,P114,T77620,28,188,25.14,50.13,O7081,28,38,R047,Agt027,16,89,1
2024-01-04 00:00:00,W3,A18,S23,P175,T92892,24,160,21.09,45.5,O7985,21,124,R023,Agt013,88,89,1
2024-01-04 00:10:00,W2,A06,S14,P124,T69962,55,167,19.78,49.82,O9531,36,494,R049,Agt059,107,60,1
2024-01-04 00:20:00,W2,A18,S25,P111,T93587,46,242,19.03,39.41,O7399,41,343,R048,Agt060,71,52,1
2024-01-04 00:30:00,W3,A15,S20,P177,T42640,132,210,20.25,65.44,O7781,17,229,R025,Agt077,78,19,0
2024-01-04 00:40:00,W2,A16,S21,P135,T69476,168,227,18.73,53.0,O3248,8,216,R013,Agt058,35,118,0
2024-01-04 00:50:00,W1,A13,S19,P104,T98694,17,276,19.39,42.56,O3372,7,361,R011,Agt047,43,94,1
2024-01-04 01:00:00,W1,A17,S10,P122,T11763,169,294,26.31,45.49,O5317,45,97,R045,Agt083,108,66,0
2024-01-04 01:10:00,W2,A15,S18,P170,T40152,194,208,26.36,54.13,O9674,15,167,R001,Agt059,104,16,0
2024-01-04 01:20:00,W1,A19,S06,P143,T73907,129,159,25.74,56.91,O8502,28,415,R022,Agt069,50,77,0
2024-01-04 01:30:00,W2,A07,S15,P169,T95420,149,269,20.52,53.73,O4891,28,420,R009,Agt092,0,46,0
2024-01-04 01:40:00,W3,A13,S26,P178,T68341,155,226,21.0,53.7,O4015,4,93,R008,Agt048,112,81,0
2024-01-04 01:50:00,W2,A06,S11,P153,T85896,20,235,18.69,52.92,O9329,48,460,R002,Agt043,95,16,0
2024-01-04 02:00:00,W2,A06,S10,P199,T42491,174,272,23.89,53.66,O1408,40,288,R049,Agt076,107,70,0
2024-01-04 02:10:00,W3,A18,S03,P126,T35827,155,219,25.45,43.35,O2487,29,260,R026,Agt043,91,47,0
2024-01-04 02:20:00,W3,A10,S06,P108,T77711,143,176,27.88,38.32,O3328,49,34,R006,Agt080,10,81,0
2024-01-04 02:30:00,W3,A03,S14,P194,T70343,16,158,24.47,48.88,O4276,49,498,R049,Agt052,50,90,1
2024-01-04 02:40:00,W3,A01,S09,P133,T93019,98,234,20.05,36.27,O2537,22,436,R010,Agt049,74,62,0
2024-01-04 02:50:00,W1,A16,S07,P117,T66258,198,153,26.83,61.28,O3007,42,293,R031,Agt097,88,55,0
2024-01-04 03:00:00,W3,A03,S19,P120,T58655,25,286,21.98,54.15,O3354,21,225,R032,Agt064,109,43,1
2024-01-04 03:10:00,W2,A19,S12,P109,T90657,43,162,22.71,65.48,O9618,17,121,R034,Agt085,42,72,1
2024-01-04 03:20:00,W3,A18,S06,P134,T77517,87,209,22.53,36.76,O8273,41,340,R046,Agt023,110,77,0
2024-01-04 03:30:00,W3,A07,S20,P159,T71472,103,207,27.21,36.43,O1345,38,188,R029,Agt027,101,76,0
2024-01-04 03:40:00,W1,A20,S21,P149,T72482,161,257,18.58,55.58,O9164,28,28,R017,Agt012,114,96,0
2024-01-04 03:50:00,W2,A06,S08,P148,T87624,70,156,23.62,54.22,O7154,27,241,R032,Agt077,59,35,0
2024-01-04 04:00:00,W1,A13,S07,P123,T96569,6,202,19.62,49.6,O3276,48,378,R034,Agt046,26,117,1
2024-01-04 04:10:00,W2,A18,S11,P171,T77331,84,151,23.8,52.61,O7121,41,135,R008,Agt053,26,47,0
2024-01-04 04:20:00,W2,A19,S13,P164,T95818,160,261,19.14,45.8,O5768,33,298,R026,Agt067,16,105,0
2024-01-04 04:30:00,W3,A01,S23,P100,T52548,111,279,28.0,62.32,O3588,14,197,R001,Agt090,97,48,0
2024-01-04 04:40:00,W1,A13,S14,P169,T74625,150,230,23.63,68.41,O9382,39,423,R020,Agt099,97,112,0
2024-01-04 04:50:00,W2,A03,S21,P103,T79939,106,210,20.78,64.6,O7514,4,168,R046,Agt010,27,116,1
2024-01-04 05:00:00,W3,A16,S26,P102,T16681,63,275,24.32,38.24,O8176,49,436,R022,Agt022,35,27,0
2024-01-04 05:10:00,W1,A07,S15,P112,T28793,91,169,22.04,49.8,O3719,42,113,R001,Agt062,58,54,0
2024-01-04 05:20:00,W3,A16,S02,P115,T64565,63,199,24.94,40.39,O8747,17,389,R014,Agt049,108,52,0
2024-01-04 05:30:00,W3,A01,S12,P195,T42382,39,193,21.86,59.44,O6298,45,484,R023,Agt020,48,44,1
2024-01-04 05:40:00,W2,A09,S20,P138,T77226,196,190,26.66,59.75,O6699,6,139,R027,Agt078,41,19,0
2024-01-04 05:50:00,W3,A14,S28,P166,T39770,75,245,20.41,38.12,O4931,27,431,R003,Agt098,13,12,0
2024-01-04 06:00:00,W2,A10,S08,P103,T46877,138,228,25.35,49.47,O2361,3,191,R032,Agt054,33,34,0
2024-01-04 06:10:00,W2,A19,S24,P189,T80194,16,178,24.38,69.57,O4729,22,450,R031,Agt046,38,17,1
2024-01-04 06:20:00,W1,A09,S04,P101,T68195,56,250,26.27,42.68,O8178,34,306,R028,Agt075,89,109,1
2024-01-04 06:30:00,W3,A08,S16,P184,T59367,139,162,25.99,60.08,O2269,49,128,R027,Agt068,111,100,0
2024-01-04 06:40:00,W3,A13,S23,P132,T17226,189,201,23.01,53.17,O6550,32,91,R024,Agt077,22,17,0
2024-01-04 06:50:00,W3,A20,S17,P108,T46326,56,262,26.24,55.12,O1575,23,457,R039,Agt042,90,32,0
2024-01-04 07:00:00,W1,A07,S03,P117,T76179,20,240,20.52,39.1,O4864,49,467,R004,Agt098,88,77,1
2024-01-04 07:10:00,W3,A18,S16,P188,T12735,63,238,27.57,42.22,O8883,35,229,R029,Agt088,33,63,0
2024-01-04 07:20:00,W3,A01,S10,P168,T28241,193,164,22.44,41.69,O3879,38,289,R013,Agt080,112,98,0
2024-01-04 07:30:00,W2,A16,S13,P158,T37896,110,259,21.01,66.26,O6796,20,302,R011,Agt011,86,99,0
2024-01-04 07:40:00,W1,A03,S13,P115,T62063,152,298,25.34,49.73,O5300,44,485,R022,Agt074,16,101,0
2024-01-04 07:50:00,W3,A13,S16,P191,T77368,192,158,21.81,41.2,O1608,2,192,R007,Agt096,114,86,0
2024-01-04 08:00:00,W2,A17,S25,P143,T60078,66,231,23.02,55.31,O4948,7,134,R038,Agt088,64,81,1
2024-01-04 08:10:00,W3,A06,S11,P152,T61441,12,236,23.6,42.86,O7958,7,261,R009,Agt095,101,56,1
2024-01-04 08:20:00,W1,A01,S29,P164,T78482,185,173,27.79,46.5,O9051,2,324,R049,Agt019,85,42,0
2024-01-04 08:30:00,W1,A19,S25,P196,T59636,16,185,25.43,56.72,O1796,23,189,R035,Agt029,45,52,1
2024-01-04 08:40:00,W1,A17,S21,P168,T76058,9,206,18.5,42.23,O3481,2,383,R036,Agt056,10,14,1
2024-01-04 08:50:00,W1,A03,S06,P140,T49959,40,214,18.16,37.36,O3559,43,422,R006,Agt061,115,45,1
2024-01-04 09:00:00,W1,A12,S21,P154,T23456,52,277,26.2,58.7,O8594,2,75,R041,Agt099,61,34,0
2024-01-04 09:10:00,W1,A06,S16,P178,T58814,193,230,25.43,57.75,O9718,26,302,R040,Agt021,104,80,0
2024-01-04 09:20:00,W3,A19,S28,P176,T37904,167,225,27.26,59.19,O9476,42,215,R007,Agt096,102,89,0
2024-01-04 09:30:00,W3,A03,S10,P190,T24927,70,216,23.64,64.31,O3031,1,419,R027,Agt086,94,15,0
2024-01-04 09:40:00,W3,A05,S09,P187,T91425,177,248,22.99,61.75,O4967,22,371,R004,Agt068,49,88,0
2024-01-04 09:50:00,W2,A03,S14,P126,T48642,153,228,26.2,61.33,O4550,2,174,R002,Agt017,72,99,0
2024-01-04 10:00:00,W2,A09,S06,P162,T61007,191,282,27.93,57.9,O9107,27,334,R039,Agt024,112,56,0
2024-01-04 10:10:00,W1,A20,S25,P170,T94909,156,185,26.5,52.56,O3720,1,399,R038,Agt090,74,18,0
2024-01-04 10:20:00,W2,A04,S18,P161,T84927,53,283,22.55,49.45,O6654,36,355,R019,Agt024,13,92,1
2024-01-04 10:30:00,W2,A13,S22,P183,T16616,165,242,18.02,69.99,O7463,1,177,R017,Agt058,75,28,0
2024-01-04 10:40:00,W1,A17,S01,P142,T74986,97,257,25.12,53.35,O2016,44,158,R023,Agt094,9,73,0
2024-01-04 10:50:00,W3,A10,S15,P165,T59114,84,299,24.59,50.85,O3918,8,72,R036,Agt069,115,51,0
2024-01-04 11:00:00,W1,A10,S25,P143,T28250,164,279,18.77,40.9,O7839,38,190,R020,Agt030,61,95,0
2024-01-04 11:10:00,W2,A12,S17,P145,T55228,38,299,24.34,69.35,O8951,32,140,R012,Agt070,58,119,1
2024-01-04 11:20:00,W1,A04,S28,P185,T12803,193,227,21.22,37.74,O4693,22,272,R015,Agt076,53,76,0
2024-01-04 11:30:00,W3,A08,S04,P163,T56890,92,191,24.59,35.8,O5028,1,212,R021,Agt064,43,104,1
2024-01-04 11:40:00,W3,A17,S29,P189,T26213,10,179,26.85,60.28,O7965,21,80,R035,Agt065,49,56,1
2024-01-04 11:50:00,W2,A03,S01,P146,T32763,109,215,22.67,41.9,O2627,8,136,R024,Agt085,47,27,0
2024-01-04 12:00:00,W3,A10,S12,P117,T88031,110,278,23.85,43.52,O1158,1,40,R041,Agt086,71,107,0
2024-01-04 12:10:00,W3,A19,S20,P181,T74069,196,253,23.17,48.85,O5373,16,163,R018,Agt035,79,64,0
2024-01-04 12:20:00,W2,A06,S21,P156,T97610,162,155,21.18,68.94,O3101,17,345,R039,Agt085,92,51,0
2024-01-04 12:30:00,W3,A20,S20,P104,T44646,53,282,19.18,68.84,O9372,30,211,R045,Agt001,29,40,0
2024-01-04 12:40:00,W3,A07,S27,P150,T21699,149,283,24.88,43.19,O6266,35,229,R003,Agt044,32,41,0
2024-01-04 12:50:00,W1,A13,S10,P139,T33512,144,158,26.48,56.45,O5671,41,374,R006,Agt083,42,114,0
2024-01-04 13:00:00,W3,A20,S29,P148,T21048,151,281,18.86,49.01,O5223,35,343,R011,Agt025,69,25,0
2024-01-04 13:10:00,W2,A01,S06,P144,T54248,192,293,27.72,59.0,O6898,13,198,R033,Agt018,50,105,0
2024-01-04 13:20:00,W2,A02,S17,P120,T32509,19,214,24.65,50.75,O1104,30,409,R027,Agt021,21,62,1
2024-01-04 13:30:00,W1,A16,S08,P196,T53255,69,233,22.16,60.68,O7951,3,81,R020,Agt012,34,56,0
2024-01-04 13:40:00,W3,A02,S21,P184,T45309,80,237,25.35,45.3,O1791,30,440,R004,Agt063,37,94,1
2024-01-04 13:50:00,W3,A07,S14,P148,T98602,188,218,21.49,62.18,O6150,40,414,R044,Agt056,97,60,0
2024-01-04 14:00:00,W2,A07,S24,P156,T70449,148,259,23.54,66.11,O8358,49,93,R019,Agt009,107,19,0
2024-01-04 14:10:00,W1,A17,S13,P133,T24789,185,248,20.24,64.16,O6861,33,407,R034,Agt010,74,55,0
2024-01-04 14:20:00,W2,A20,S03,P140,T23426,169,190,18.85,38.24,O2499,33,358,R027,Agt035,58,75,0
2024-01-04 14:30:00,W1,A07,S04,P162,T96466,76,204,19.44,44.15,O3886,19,484,R032,Agt023,98,118,1
2024-01-04 14:40:00,W3,A20,S01,P163,T30394,36,161,27.16,36.22,O6034,10,67,R007,Agt017,103,74,1
2024-01-04 14:50:00,W3,A02,S01,P159,T71533,18,297,24.76,54.45,O2887,5,41,R022,Agt086,68,49,1
2024-01-04 15:00:00,W2,A19,S01,P172,T32673,87,249,23.01,67.29,O6076,5,245,R003,Agt008,11,25,0
2024-01-04 15:10:00,W3,A14,S30,P181,T52121,54,207,19.72,40.06,O3291,5,224,R001,Agt018,47,87,1
2024-01-04 15:20:00,W3,A03,S08,P169,T34959,120,202,24.47,51.24,O4814,24,460,R015,Agt067,16,35,0
2024-01-04 15:30:00,W2,A11,S20,P108,T38356,165,281,23.03,66.21,O1528,9,418,R006,Agt026,70,100,0
2024-01-04 15:40:00,W2,A02,S09,P196,T54865,101,277,19.85,42.28,O5458,7,87,R020,Agt089,115,54,0
2024-01-04 15:50:00,W1,A06,S13,P173,T41239,50,179,26.28,62.87,O8642,45,109,R038,Agt026,92,37,0
2024-01-04 16:00:00,W2,A10,S12,P183,T67244,110,286,25.54,50.1,O9353,3,168,R046,Agt099,58,54,0
2024-01-04 16:10:00,W1,A07,S28,P136,T18469,159,258,21.42,62.77,O5551,49,300,R016,Agt087,99,75,0
2024-01-04 16:20:00,W1,A01,S29,P154,T97945,185,188,24.48,60.1,O8764,35,47,R001,Agt042,56,45,0
2024-01-04 16:30:00,W2,A06,S07,P133,T12602,106,172,18.09,43.85,O3830,16,259,R005,Agt054,45,34,0
2024-01-04 16:40:00,W1,A05,S30,P186,T92588,164,170,18.17,38.83,O1320,7,426,R022,Agt058,101,87,0
2024-01-04 16:50:00,W1,A06,S03,P132,T63119,37,232,19.97,58.45,O3101,4,230,R045,Agt095,34,52,1
2024-01-04 17:00:00,W3,A16,S21,P191,T64881,19,223,26.04,65.83,O4971,37,443,R042,Agt054,35,10,0
2024-01-04 17:10:00,W2,A07,S03,P125,T96870,149,170,24.07,48.38,O4027,14,54,R017,Agt090,43,16,0
2024-01-04 17:20:00,W1,A04,S30,P154,T84886,154,288,19.07,68.64,O6212,3,414,R034,Agt056,29,61,0
2024-01-04 17:30:00,W1,A09,S29,P189,T11268,92,174,27.39,44.43,O4926,44,456,R041,Agt042,58,23,0
2024-01-04 17:40:00,W1,A06,S06,P154,T22244,9,241,24.99,38.87,O7370,49,138,R002,Agt052,52,77,1
2024-01-04 17:50:00,W2,A01,S20,P189,T14364,190,274,23.14,46.59,O7128,26,167,R024,Agt028,109,16,0
2024-01-04 18:00:00,W2,A19,S30,P150,T13394,61,176,22.02,46.78,O4342,44,236,R030,Agt089,81,61,0
2024-01-04 18:10:00,W3,A15,S30,P193,T52549,66,188,26.2,51.58,O8820,40,199,R018,Agt081,32,32,0
2024-01-04 18:20:00,W2,A13,S13,P132,T72994,89,281,24.39,61.6,O2315,8,363,R019,Agt015,54,99,1
2024-01-04 18:30:00,W2,A01,S29,P138,T41275,98,189,22.29,41.07,O3044,14,53,R011,Agt006,98,13,0
2024-01-04 18:40:00,W2,A15,S01,P194,T94223,96,227,20.84,67.25,O2994,2,160,R024,Agt074,7,71,0
2024-01-04 18:50:00,W3,A14,S19,P101,T16608,53,224,18.76,67.6,O7109,34,389,R008,Agt043,119,65,1
2024-01-04 19:00:00,W1,A18,S20,P155,T29453,112,242,25.86,38.14,O3680,41,67,R006,Agt063,54,119,1
2024-01-04 19:10:00,W3,A04,S26,P159,T49779,170,170,21.65,62.62,O2748,29,280,R038,Agt004,30,103,0
2024-01-04 19:20:00,W3,A16,S29,P137,T99870,164,262,23.02,52.26,O4630,48,41,R040,Agt004,69,79,0
2024-01-04 19:30:00,W2,A12,S06,P154,T74624,97,169,20.41,66.23,O2286,41,180,R025,Agt049,59,85,0
2024-01-04 19:40:00,W3,A18,S29,P107,T50945,77,179,27.03,57.61,O1695,21,202,R022,Agt053,73,13,0
2024-01-04 19:50:00,W2,A06,S22,P161,T35972,26,277,25.85,35.11,O7957,10,132,R001,Agt070,50,119,1
2024-01-04 20:00:00,W1,A03,S22,P171,T56414,139,265,23.66,37.38,O6832,20,465,R016,Agt074,6,101,0
2024-01-04 20:10:00,W2,A14,S13,P180,T18543,160,165,18.06,54.4,O1366,49,274,R046,Agt069,44,87,0
2024-01-04 20:20:00,W2,A19,S29,P166,T27352,67,182,22.56,54.15,O6525,33,174,R022,Agt086,28,65,0
2024-01-04 20:30:00,W2,A03,S11,P119,T61136,48,274,23.39,37.59,O3345,7,29,R024,Agt044,79,61,1
2024-01-04 20:40:00,W1,A13,S06,P140,T95995,132,157,22.33,66.73,O6128,15,253,R032,Agt011,95,112,0
2024-01-04 20:50:00,W3,A04,S26,P173,T21387,110,285,26.19,60.57,O2202,3,185,R046,Agt017,2,79,0
2024-01-04 21:00:00,W3,A19,S21,P102,T41091,148,228,23.87,53.1,O8911,21,301,R012,Agt076,21,57,0
2024-01-04 21:10:00,W1,A02,S17,P182,T95895,198,245,20.98,40.47,O8434,47,363,R008,Agt070,106,15,0
2024-01-04 21:20:00,W2,A10,S11,P125,T65349,55,207,18.49,68.35,O2158,6,425,R010,Agt043,36,15,0
2024-01-04 21:30:00,W1,A11,S29,P191,T41689,53,152,23.4,41.04,O6917,22,392,R031,Agt008,75,78,1
2024-01-04 21:40:00,W3,A18,S23,P134,T49867,161,258,18.14,42.93,O7932,6,66,R038,Agt098,77,101,0
2024-01-04 21:50:00,W1,A02,S29,P116,T70825,63,274,18.19,48.54,O3569,43,300,R049,Agt079,55,61,0
2024-01-04 22:00:00,W1,A14,S09,P146,T35371,162,231,20.39,57.7,O7043,35,20,R045,Agt095,16,88,0
2024-01-04 22:10:00,W2,A11,S24,P176,T82586,173,270,21.6,66.14,O4168,34,499,R020,Agt069,77,34,0
2024-01-04 22:20:00,W2,A18,S10,P103,T52534,112,262,22.4,47.95,O5985,11,75,R028,Agt038,76,72,0
2024-01-04 22:30:00,W2,A08,S14,P116,T94558,193,249,26.78,63.28,O7061,13,48,R041,Agt087,92,73,0
2024-01-04 22:40:00,W2,A05,S26,P135,T95913,84,152,22.69,44.25,O8467,31,377,R032,Agt041,50,18,0
2024-01-04 22:50:00,W2,A07,S04,P174,T11471,122,240,27.5,69.9,O4520,24,113,R043,Agt053,36,46,0
2024-01-04 23:00:00,W2,A17,S26,P153,T66729,43,245,23.02,48.23,O6169,8,98,R032,Agt095,65,65,1
2024-01-04 23:10:00,W2,A20,S05,P156,T30485,66,274,20.29,55.55,O4709,29,276,R011,Agt093,59,38,0
2024-01-04 23:20:00,W1,A18,S12,P142,T10720,92,274,24.27,39.62,O2112,7,313,R032,Agt053,88,30,0
2024-01-04 23:30:00,W2,A19,S12,P131,T13437,78,198,22.15,41.41,O3122,37,463,R027,Agt036,75,18,0
2024-01-04 23:40:00,W3,A10,S26,P145,T65508,58,174,20.44,61.63,O4122,5,326,R044,Agt024,59,36,0
2024-01-04 23:50:00,W1,A10,S13,P105,T55267,72,188,26.74,41.46,O1934,28,177,R019,Agt090,17,24,0
2024-01-05 00:00:00,W3,A01,S25,P149,T53711,36,160,25.98,45.31,O6431,40,276,R040,Agt097,10,118,1
2024-01-05 00:10:00,W1,A08,S08,P168,T24076,163,252,23.03,49.02,O4533,31,57,R028,Agt044,63,24,0
2024-01-05 00:20:00,W2,A13,S14,P104,T53591,79,185,19.99,38.78,O4172,16,357,R001,Agt023,5,33,0
2024-01-05 00:30:00,W3,A08,S15,P199,T52281,175,278,23.19,61.26,O6393,30,237,R032,Agt023,113,58,0
2024-01-05 00:40:00,W3,A06,S26,P153,T29927,177,231,27.63,66.37,O6039,18,65,R024,Agt006,96,87,0
2024-01-05 00:50:00,W1,A04,S29,P175,T34405,170,291,21.65,58.79,O5189,30,371,R005,Agt022,74,28,0
2024-01-05 01:00:00,W2,A20,S19,P139,T24970,43,280,22.26,45.83,O2988,6,206,R022,Agt084,40,87,1
2024-01-05 01:10:00,W2,A10,S20,P155,T55961,164,242,25.45,60.96,O7692,26,465,R040,Agt025,1,83,0
2024-01-05 01:20:00,W1,A18,S11,P131,T17305,142,295,24.59,56.22,O6273,18,39,R025,Agt077,29,74,0
2024-01-05 01:30:00,W3,A06,S22,P161,T73424,167,290,23.33,42.19,O4904,14,324,R007,Agt088,10,81,0
2024-01-05 01:40:00,W3,A06,S09,P160,T14318,10,221,27.7,51.39,O1946,22,455,R010,Agt017,78,75,1
2024-01-05 01:50:00,W2,A19,S26,P118,T71069,157,170,25.5,58.17,O3773,2,375,R025,Agt003,17,84,0
2024-01-05 02:00:00,W3,A08,S09,P106,T50346,80,244,27.58,50.93,O4072,15,492,R023,Agt026,99,29,0
2024-01-05 02:10:00,W3,A08,S03,P108,T91770,42,293,22.96,35.58,O1583,14,407,R004,Agt012,37,28,0
2024-01-05 02:20:00,W2,A05,S24,P193,T53479,180,206,20.59,36.87,O8153,34,361,R004,Agt032,25,67,0
2024-01-05 02:30:00,W3,A09,S12,P119,T14046,52,186,23.18,56.76,O7541,30,21,R022,Agt003,41,62,1
2024-01-05 02:40:00,W3,A01,S24,P166,T93468,177,245,22.2,46.42,O7547,47,154,R026,Agt007,24,60,0
2024-01-05 02:50:00,W1,A17,S26,P166,T51206,10,279,18.48,47.35,O7349,20,285,R010,Agt029,75,33,1
2024-01-05 03:00:00,W3,A09,S08,P128,T24329,114,254,21.67,55.85,O7653,43,167,R038,Agt060,67,110,0
2024-01-05 03:10:00,W1,A15,S24,P191,T98371,107,205,23.54,42.17,O6536,22,71,R043,Agt086,112,46,0
2024-01-05 03:20:00,W2,A12,S10,P129,T52147,150,280,18.73,48.44,O1711,27,485,R005,Agt021,96,43,0
2024-01-05 03:30:00,W1,A16,S11,P187,T70705,75,257,26.49,60.6,O3257,42,496,R041,Agt068,35,99,1
2024-01-05 03:40:00,W1,A12,S12,P131,T72528,5,179,21.6,64.54,O9601,45,105,R030,Agt070,84,53,1
2024-01-05 03:50:00,W2,A10,S06,P131,T91685,55,218,27.06,54.38,O1069,5,370,R036,Agt030,107,41,0
2024-01-05 04:00:00,W3,A08,S17,P155,T49921,21,191,26.26,36.06,O7317,29,376,R030,Agt080,22,110,1
2024-01-05 04:10:00,W2,A16,S14,P141,T21859,53,160,26.52,45.43,O3346,49,499,R017,Agt057,46,67,1
2024-01-05 04:20:00,W2,A19,S13,P161,T48082,88,248,19.68,63.3,O3492,49,371,R045,Agt066,31,79,0
2024-01-05 04:30:00,W3,A14,S02,P141,T49262,46,186,20.21,42.62,O9172,16,27,R011,Agt088,111,44,0
2024-01-05 04:40:00,W1,A12,S06,P136,T27511,82,289,25.35,50.25,O2129,33,272,R012,Agt016,115,77,0
2024-01-05 04:50:00,W1,A18,S01,P100,T27412,196,197,18.54,65.86,O8981,24,180,R010,Agt062,100,47,0
2024-01-05 05:00:00,W3,A05,S19,P117,T44663,44,180,22.71,67.09,O5302,20,198,R018,Agt083,71,47,1
2024-01-05 05:10:00,W2,A12,S19,P125,T11188,126,239,23.43,41.77,O4706,25,132,R030,Agt022,67,39,0
2024-01-05 05:20:00,W2,A01,S17,P102,T37062,50,173,21.2,54.92,O1679,30,132,R032,Agt038,12,95,1
2024-01-05 05:30:00,W2,A05,S28,P109,T75484,138,168,22.84,70.0,O1440,31,422,R044,Agt018,16,57,0
2024-01-05 05:40:00,W3,A04,S23,P179,T54528,57,276,27.53,37.72,O5784,26,336,R036,Agt039,40,50,0
2024-01-05 05:50:00,W2,A10,S21,P143,T56772,163,182,20.75,69.07,O5816,39,478,R033,Agt087,111,92,0
2024-01-05 06:00:00,W1,A08,S13,P191,T76149,6,175,18.9,40.43,O4085,20,439,R029,Agt082,110,35,1
2024-01-05 06:10:00,W2,A14,S12,P141,T72380,115,196,27.6,40.97,O3106,15,188,R007,Agt064,112,59,0
2024-01-05 06:20:00,W1,A09,S29,P141,T85340,181,284,27.61,66.24,O5693,8,328,R002,Agt002,41,51,0
2024-01-05 06:30:00,W1,A18,S27,P180,T36926,194,271,22.44,47.66,O6890,39,200,R039,Agt018,103,33,0
2024-01-05 06:40:00,W3,A20,S19,P193,T57824,24,270,19.77,61.81,O9541,10,290,R008,Agt064,42,87,1
2024-01-05 06:50:00,W1,A02,S02,P196,T65639,93,205,18.53,56.74,O2796,39,265,R013,Agt077,71,85,0
2024-01-05 07:00:00,W2,A16,S09,P150,T95667,95,158,20.47,59.99,O9943,40,489,R042,Agt077,29,69,0
2024-01-05 07:10:00,W1,A16,S28,P106,T22319,132,226,25.62,64.08,O8044,43,31,R023,Agt055,36,51,0
2024-01-05 07:20:00,W2,A08,S23,P192,T17257,93,260,21.02,53.43,O5970,45,195,R007,Agt039,66,88,0
2024-01-05 07:30:00,W3,A19,S08,P160,T84266,28,180,23.45,67.47,O4409,3,226,R025,Agt022,79,11,0
2024-01-05 07:40:00,W2,A04,S01,P122,T54069,104,233,25.63,64.1,O2836,7,148,R026,Agt099,34,78,0
2024-01-05 07:50:00,W1,A17,S18,P140,T25122,60,290,26.8,41.9,O2895,11,439,R028,Agt041,107,101,1
2024-01-05 08:00:00,W2,A16,S04,P115,T71979,161,245,22.62,66.31,O7322,25,222,R047,Agt002,21,36,0
2024-01-05 08:10:00,W3,A01,S26,P161,T43961,103,299,21.75,44.97,O6237,43,462,R025,Agt002,28,46,0
2024-01-05 08:20:00,W2,A17,S21,P157,T71697,149,245,20.79,59.22,O9612,6,175,R004,Agt050,4,80,0
2024-01-05 08:30:00,W2,A12,S01,P153,T78870,122,297,23.74,57.27,O3283,26,386,R005,Agt002,44,84,0
2024-01-05 08:40:00,W3,A09,S01,P171,T44296,50,181,25.54,48.77,O4293,12,341,R049,Agt073,14,47,0
2024-01-05 08:50:00,W1,A06,S04,P155,T56706,17,208,24.34,38.6,O7413,12,288,R047,Agt089,49,32,1
2024-01-05 09:00:00,W2,A09,S06,P119,T73067,198,180,20.73,44.43,O2841,37,263,R002,Agt023,20,104,0
2024-01-05 09:10:00,W2,A14,S09,P101,T92645,21,292,26.78,56.3,O6076,33,81,R020,Agt044,38,13,0
2024-01-05 09:20:00,W2,A10,S24,P183,T31564,75,281,19.56,53.39,O6039,23,297,R015,Agt058,109,11,0
2024-01-05 09:30:00,W1,A20,S06,P173,T69634,73,297,27.34,37.28,O7851,30,365,R029,Agt030,107,38,0
2024-01-05 09:40:00,W1,A12,S21,P168,T80691,75,296,20.46,50.44,O9953,37,66,R034,Agt046,57,19,0
2024-01-05 09:50:00,W2,A07,S15,P164,T80335,12,191,19.25,63.24,O5356,47,132,R017,Agt091,57,88,1
2024-01-05 10:00:00,W1,A16,S23,P110,T49305,56,252,23.26,48.73,O5290,28,65,R003,Agt099,74,10,0
2024-01-05 10:10:00,W3,A09,S21,P180,T35063,117,173,24.48,61.63,O9079,1,376,R025,Agt085,86,16,0
2024-01-05 10:20:00,W3,A09,S14,P148,T71461,82,273,25.22,66.38,O2767,45,45,R033,Agt072,99,110,1
2024-01-05 10:30:00,W2,A13,S13,P115,T84780,143,222,21.84,62.49,O7751,37,181,R003,Agt011,27,77,0
2024-01-05 10:40:00,W2,A03,S20,P114,T99454,24,208,20.93,63.25,O1932,25,31,R046,Agt050,70,118,1
2024-01-05 10:50:00,W1,A06,S12,P162,T70573,183,181,20.43,68.59,O7268,18,396,R047,Agt010,85,104,0
2024-01-05 11:00:00,W1,A20,S04,P171,T12216,42,278,24.29,37.09,O8409,3,161,R027,Agt008,97,16,0
2024-01-05 11:10:00,W1,A18,S04,P193,T91207,50,256,25.22,43.26,O7615,28,233,R040,Agt045,31,46,0
2024-01-05 11:20:00,W3,A11,S18,P136,T89146,163,288,27.74,62.54,O8058,22,481,R026,Agt093,35,33,0
2024-01-05 11:30:00,W3,A17,S03,P143,T37351,27,280,19.95,52.56,O3350,20,365,R035,Agt037,2,63,1
2024-01-05 11:40:00,W2,A11,S14,P163,T16337,19,193,26.76,53.6,O5160,20,465,R037,Agt044,55,53,1
2024-01-05 11:50:00,W3,A19,S19,P192,T58450,49,266,23.88,40.55,O8190,47,452,R026,Agt098,111,110,1
2024-01-05 12:00:00,W3,A16,S01,P114,T26242,139,214,24.68,67.7,O9521,20,75,R048,Agt077,117,91,0
2024-01-05 12:10:00,W2,A08,S01,P164,T77068,76,206,19.58,43.57,O5264,31,440,R030,Agt091,103,67,0
2024-01-05 12:20:00,W1,A13,S01,P154,T16808,40,173,21.72,39.86,O7218,25,140,R024,Agt066,60,71,1
2024-01-05 12:30:00,W3,A08,S30,P140,T66073,98,211,25.83,45.93,O4033,41,235,R033,Agt064,61,98,0
2024-01-05 12:40:00,W3,A17,S02,P141,T39498,75,244,23.32,42.21,O8817,32,167,R028,Agt025,92,67,0
2024-01-05 12:50:00,W2,A05,S03,P110,T33239,40,238,20.36,64.92,O3402,36,110,R002,Agt037,10,30,0
2024-01-05 13:00:00,W3,A13,S17,P191,T16825,173,161,26.12,35.98,O4227,4,95,R046,Agt011,72,19,0
2024-01-05 13:10:00,W3,A02,S22,P147,T72884,108,181,24.51,50.59,O1393,17,380,R008,Agt014,14,105,0
2024-01-05 13:20:00,W1,A02,S03,P104,T81126,90,203,21.07,40.49,O7719,29,296,R002,Agt093,119,42,0
2024-01-05 13:30:00,W3,A17,S26,P171,T19831,184,230,19.43,45.36,O4245,14,399,R029,Agt004,21,98,0
2024-01-05 13:40:00,W1,A05,S27,P182,T43910,63,248,18.1,36.89,O8617,6,420,R004,Agt023,11,118,1
2024-01-05 13:50:00,W2,A17,S18,P193,T10686,102,257,25.03,64.25,O4934,15,367,R027,Agt060,71,92,0
2024-01-05 14:00:00,W2,A05,S30,P132,T25674,65,234,21.57,48.76,O8720,16,237,R030,Agt077,5,81,1
2024-01-05 14:10:00,W1,A17,S22,P169,T60287,83,183,26.55,35.95,O4181,44,449,R010,Agt045,44,55,0
2024-01-05 14:20:00,W3,A19,S13,P197,T22347,77,282,23.19,57.93,O4035,46,55,R018,Agt060,104,77,0
2024-01-05 14:30:00,W1,A05,S17,P181,T39760,92,197,21.46,42.87,O2909,36,307,R013,Agt001,66,77,0
2024-01-05 14:40:00,W2,A07,S13,P115,T22023,5,264,21.66,57.11,O5704,26,267,R031,Agt006,93,106,1
2024-01-05 14:50:00,W1,A10,S05,P136,T75099,13,224,27.47,53.43,O8448,34,471,R049,Agt062,70,49,1
2024-01-05 15:00:00,W3,A11,S29,P186,T58083,149,295,22.73,52.57,O4849,11,296,R037,Agt068,44,43,0
2024-01-05 15:10:00,W3,A15,S04,P179,T97698,77,206,18.73,53.98,O4198,30,284,R040,Agt075,17,21,0
2024-01-05 15:20:00,W3,A03,S02,P182,T99238,26,212,20.57,67.74,O4083,37,241,R034,Agt057,43,37,1
2024-01-05 15:30:00,W2,A14,S08,P156,T17178,116,153,24.27,48.35,O3155,18,415,R020,Agt003,56,114,0
2024-01-05 15:40:00,W1,A11,S14,P117,T37974,142,173,20.43,35.99,O8347,8,27,R003,Agt050,119,106,0
2024-01-05 15:50:00,W1,A13,S09,P182,T50133,196,265,19.49,58.65,O1577,7,93,R014,Agt050,28,30,0
2024-01-05 16:00:00,W2,A10,S11,P193,T74382,15,248,26.88,41.35,O3975,39,435,R033,Agt053,57,32,1
2024-01-05 16:10:00,W2,A11,S30,P161,T74080,97,166,18.43,53.61,O9416,24,154,R013,Agt048,110,52,0
2024-01-05 16:20:00,W1,A05,S01,P198,T68336,38,180,27.05,38.35,O4354,21,301,R023,Agt051,73,37,0
2024-01-05 16:30:00,W2,A10,S16,P130,T78366,174,222,23.19,50.22,O5859,19,481,R013,Agt086,80,21,0
2024-01-05 16:40:00,W2,A20,S22,P155,T68280,199,233,25.32,45.68,O2382,10,216,R032,Agt034,66,24,0
2024-01-05 16:50:00,W1,A20,S21,P111,T89214,75,202,26.47,39.44,O1837,35,350,R005,Agt031,88,43,0
2024-01-05 17:00:00,W3,A05,S05,P128,T90023,149,186,22.62,56.37,O6433,41,411,R022,Agt019,116,10,0
2024-01-05 17:10:00,W2,A03,S07,P138,T15787,54,210,23.14,45.22,O3533,20,278,R004,Agt057,47,81,1
2024-01-05 17:20:00,W3,A19,S29,P188,T51224,177,169,27.74,42.68,O6499,7,360,R008,Agt083,115,54,0
2024-01-05 17:30:00,W1,A05,S30,P163,T60808,140,195,20.73,56.45,O9329,10,142,R033,Agt070,22,100,0
2024-01-05 17:40:00,W3,A03,S02,P110,T58022,28,205,24.21,65.25,O5311,29,397,R010,Agt058,28,22,0
2024-01-05 17:50:00,W3,A12,S26,P178,T68443,184,272,26.04,64.43,O2513,6,325,R026,Agt049,92,46,0
2024-01-05 18:00:00,W3,A04,S03,P112,T94340,82,182,21.8,35.81,O1315,43,440,R049,Agt063,92,72,0
2024-01-05 18:10:00,W1,A12,S21,P133,T99615,82,179,22.96,52.71,O7548,32,212,R043,Agt059,8,66,0
2024-01-05 18:20:00,W2,A20,S25,P109,T49664,161,198,20.71,48.11,O5631,36,125,R030,Agt068,10,10,0
2024-01-05 18:30:00,W1,A20,S05,P170,T85135,71,274,25.01,57.7,O1771,44,209,R020,Agt090,113,99,1
2024-01-05 18:40:00,W2,A03,S07,P131,T49539,53,274,21.77,60.46,O8681,20,250,R041,Agt036,52,10,0
2024-01-05 18:50:00,W3,A03,S18,P138,T39452,160,170,24.61,66.87,O9488,43,169,R014,Agt020,55,113,0
2024-01-05 19:00:00,W3,A11,S06,P159,T32170,55,203,22.1,59.41,O6114,26,248,R004,Agt017,62,34,0
2024-01-05 19:10:00,W3,A08,S19,P170,T45815,46,270,27.34,58.06,O3667,37,346,R027,Agt063,95,59,1
2024-01-05 19:20:00,W2,A08,S12,P151,T23341,173,194,18.2,68.25,O9044,10,69,R028,Agt095,108,62,0
2024-01-05 19:30:00,W1,A18,S27,P141,T21773,21,277,23.52,68.19,O6342,47,190,R037,Agt093,59,67,1
2024-01-05 19:40:00,W2,A12,S05,P151,T89870,57,216,26.66,47.3,O7045,11,127,R009,Agt064,5,57,0
2024-01-05 19:50:00,W3,A14,S03,P130,T60397,129,172,26.75,48.81,O4112,33,157,R002,Agt011,29,75,0
2024-01-05 20:00:00,W1,A09,S09,P171,T54033,98,276,20.29,54.2,O5329,6,455,R020,Agt097,15,29,0
2024-01-05 20:10:00,W1,A16,S09,P190,T71909,60,210,18.91,63.45,O8832,24,391,R010,Agt091,102,35,0
2024-01-05 20:20:00,W1,A12,S17,P115,T78985,186,278,24.86,65.98,O1625,20,164,R014,Agt087,96,60,0
2024-01-05 20:30:00,W2,A12,S28,P178,T41325,90,228,21.1,51.91,O4065,27,288,R019,Agt048,7,100,1
2024-01-05 20:40:00,W2,A01,S29,P158,T74107,131,262,25.79,45.2,O7402,4,155,R007,Agt013,45,78,0
2024-01-05 20:50:00,W2,A08,S08,P147,T61863,148,190,25.91,37.06,O2359,42,65,R027,Agt052,114,46,0
2024-01-05 21:00:00,W3,A06,S27,P109,T38489,84,177,27.41,46.04,O1132,23,287,R033,Agt015,22,78,0
2024-01-05 21:10:00,W3,A06,S05,P171,T96330,95,262,22.18,50.52,O6001,12,274,R011,Agt091,100,61,0
2024-01-05 21:20:00,W3,A14,S20,P121,T36788,109,179,25.54,36.01,O1015,8,66,R025,Agt042,4,45,0
2024-01-05 21:30:00,W2,A11,S08,P171,T65104,10,252,25.3,55.28,O5875,38,468,R022,Agt057,65,77,1
2024-01-05 21:40:00,W1,A18,S13,P170,T61247,170,171,24.75,55.83,O7696,45,303,R014,Agt039,119,25,0
2024-01-05 21:50:00,W2,A03,S28,P115,T40102,159,244,23.21,61.93,O5009,23,56,R012,Agt044,17,22,0
2024-01-05 22:00:00,W3,A13,S12,P158,T66516,57,250,20.34,60.14,O2566,40,32,R007,Agt092,25,36,0
2024-01-05 22:10:00,W3,A17,S18,P107,T82411,74,272,24.89,67.81,O7893,3,98,R023,Agt084,4,109,1
2024-01-05 22:20:00,W3,A20,S14,P141,T70426,140,237,21.44,54.02,O9606,49,214,R036,Agt058,48,83,0
2024-01-05 22:30:00,W3,A10,S23,P197,T44087,154,189,22.58,50.4,O1611,9,238,R017,Agt074,34,76,0
2024-01-05 22:40:00,W2,A05,S15,P122,T13770,92,154,21.21,54.32,O5909,17,375,R026,Agt094,50,74,0
2024-01-05 22:50:00,W3,A19,S06,P109,T51232,127,183,19.41,38.94,O3465,36,67,R039,Agt097,66,54,0
2024-01-05 23:00:00,W2,A19,S02,P122,T57409,159,269,21.54,65.14,O1786,17,158,R038,Agt009,38,101,0
2024-01-05 23:10:00,W2,A19,S22,P145,T40594,71,223,22.46,45.37,O6498,47,199,R019,Agt097,73,17,0
2024-01-05 23:20:00,W2,A14,S18,P148,T89829,93,296,27.84,36.04,O7653,43,380,R029,Agt080,109,56,0
2024-01-05 23:30:00,W2,A06,S06,P176,T25225,142,287,22.68,38.06,O1851,29,232,R008,Agt036,76,37,0
2024-01-05 23:40:00,W3,A07,S03,P120,T77756,12,215,18.27,59.31,O9588,27,440,R015,Agt092,118,70,1
2024-01-05 23:50:00,W2,A01,S02,P162,T83362,5,217,23.68,39.17,O9651,23,215,R027,Agt087,58,71,1
2024-01-06 00:00:00,W3,A02,S23,P129,T21879,39,238,25.97,50.71,O1010,32,477,R002,Agt094,34,33,0
2024-01-06 00:10:00,W2,A16,S04,P122,T12327,7,151,25.64,60.64,O9230,38,492,R002,Agt013,16,20,1
2024-01-06 00:20:00,W3,A10,S17,P194,T83704,98,238,21.49,54.92,O1055,38,308,R029,Agt076,63,117,1
2024-01-06 00:30:00,W1,A06,S08,P184,T55136,157,296,25.98,40.8,O2851,8,308,R045,Agt042,48,86,0
2024-01-06 00:40:00,W1,A01,S20,P126,T13644,123,262,22.13,42.79,O7760,11,365,R018,Agt032,58,85,0
2024-01-06 00:50:00,W3,A10,S10,P160,T71956,6,184,25.69,67.41,O6358,26,233,R048,Agt006,29,49,1
2024-01-06 01:00:00,W3,A16,S19,P164,T92306,103,196,18.76,55.58,O6069,20,407,R024,Agt040,52,80,0
2024-01-06 01:10:00,W2,A19,S13,P195,T94288,131,279,20.57,68.42,O3910,8,167,R014,Agt033,8,104,0
2024-01-06 01:20:00,W2,A12,S07,P101,T74587,48,200,19.93,58.41,O1341,37,346,R046,Agt086,71,93,1
2024-01-06 01:30:00,W1,A14,S30,P106,T26093,161,294,19.93,45.77,O1007,17,419,R014,Agt027,4,40,0
2024-01-06 01:40:00,W3,A14,S23,P101,T51312,153,280,24.02,46.56,O8676,47,292,R017,Agt088,48,63,0
2024-01-06 01:50:00,W1,A01,S09,P154,T29488,66,222,26.33,56.33,O5373,29,92,R025,Agt071,48,95,1
2024-01-06 02:00:00,W1,A17,S20,P129,T40108,79,184,18.52,67.91,O4053,44,427,R039,Agt087,47,25,0
2024-01-06 02:10:00,W2,A11,S03,P165,T82434,83,293,27.3,55.73,O7493,37,449,R026,Agt032,113,36,0
2024-01-06 02:20:00,W1,A03,S09,P144,T13195,146,208,19.42,56.2,O4020,43,40,R027,Agt095,12,54,0
2024-01-06 02:30:00,W1,A06,S01,P153,T34842,150,156,20.89,56.57,O8496,14,311,R028,Agt076,16,88,0
2024-01-06 02:40:00,W2,A20,S20,P190,T27876,189,276,25.89,39.75,O9419,1,78,R037,Agt077,6,64,0
2024-01-06 02:50:00,W1,A02,S07,P139,T64716,160,297,18.69,44.67,O3936,32,197,R016,Agt011,72,49,0
2024-01-06 03:00:00,W1,A20,S03,P176,T28601,153,183,23.42,47.06,O4205,44,48,R005,Agt053,51,19,0
2024-01-06 03:10:00,W1,A07,S30,P177,T48837,159,239,22.3,54.59,O7850,12,33,R032,Agt032,116,17,0
2024-01-06 03:20:00,W2,A08,S25,P110,T65726,40,172,20.83,47.15,O8876,1,397,R030,Agt015,84,23,0
2024-01-06 03:30:00,W1,A05,S04,P163,T12902,58,197,25.74,65.0,O2043,28,168,R034,Agt037,103,47,0
2024-01-06 03:40:00,W1,A16,S06,P137,T58439,19,170,21.87,55.61,O8487,12,369,R035,Agt067,119,91,1
2024-01-06 03:50:00,W3,A08,S22,P189,T84785,158,241,24.54,36.05,O3442,31,293,R005,Agt088,84,26,0
2024-01-06 04:00:00,W3,A08,S26,P199,T49950,10,213,21.8,51.45,O4790,20,249,R044,Agt017,63,74,1
2024-01-06 04:10:00,W2,A01,S09,P129,T29629,5,173,19.77,65.98,O1637,49,198,R010,Agt057,16,66,1
2024-01-06 04:20:00,W3,A09,S21,P137,T46026,168,171,18.41,47.59,O1931,42,235,R047,Agt033,25,77,0
2024-01-06 04:30:00,W2,A05,S05,P157,T90837,123,208,25.13,40.4,O4515,31,36,R006,Agt056,114,32,0
2024-01-06 04:40:00,W2,A09,S14,P174,T23369,68,206,22.87,49.66,O5278,40,323,R021,Agt023,71,65,0
2024-01-06 04:50:00,W1,A17,S13,P119,T24046,40,165,19.01,38.98,O9987,2,463,R013,Agt082,109,28,0
2024-01-06 05:00:00,W1,A07,S12,P125,T75096,119,266,25.83,49.18,O7110,17,353,R043,Agt050,42,106,0
2024-01-06 05:10:00,W3,A16,S13,P140,T13872,194,243,20.86,46.91,O8081,18,245,R019,Agt091,19,104,0
2024-01-06 05:20:00,W2,A04,S21,P166,T53575,18,196,19.39,66.68,O5723,25,405,R015,Agt066,85,21,1
2024-01-06 05:30:00,W2,A10,S27,P195,T36058,46,153,19.05,63.96,O1277,42,488,R014,Agt067,16,88,1
2024-01-06 05:40:00,W2,A18,S07,P107,T49014,68,279,19.72,63.09,O1245,40,37,R014,Agt007,102,36,0
2024-01-06 05:50:00,W3,A14,S11,P184,T68852,76,194,27.13,39.44,O4758,31,355,R012,Agt043,61,109,1
2024-01-06 06:00:00,W2,A03,S21,P123,T67409,24,236,22.7,53.87,O4922,6,55,R012,Agt043,87,92,1
2024-01-06 06:10:00,W3,A11,S03,P190,T42109,118,260,22.95,59.62,O5966,18,175,R012,Agt008,57,51,0
2024-01-06 06:20:00,W2,A17,S04,P193,T33068,100,165,20.19,65.31,O6857,39,272,R038,Agt059,69,67,0
2024-01-06 06:30:00,W3,A07,S18,P124,T42544,125,251,25.48,61.01,O5065,34,106,R010,Agt042,8,42,0
2024-01-06 06:40:00,W3,A20,S15,P126,T83046,27,198,19.29,36.13,O1641,37,417,R027,Agt039,94,111,1
2024-01-06 06:50:00,W1,A13,S29,P153,T64972,53,292,23.8,67.09,O8553,41,149,R026,Agt017,28,88,1
2024-01-06 07:00:00,W2,A07,S28,P128,T62668,10,223,24.46,41.47,O1393,48,423,R005,Agt023,103,81,1
2024-01-06 07:10:00,W2,A01,S01,P137,T79193,149,280,24.81,57.07,O8329,37,222,R045,Agt082,96,63,0
2024-01-06 07:20:00,W3,A03,S01,P172,T45280,113,180,25.71,45.96,O6512,27,30,R006,Agt033,37,74,0
2024-01-06 07:30:00,W1,A03,S30,P131,T53597,17,276,20.7,52.24,O3831,8,258,R033,Agt006,101,56,1
2024-01-06 07:40:00,W2,A13,S20,P177,T10104,118,209,24.2,59.76,O3608,22,195,R021,Agt006,43,93,0
2024-01-06 07:50:00,W2,A07,S29,P109,T13520,99,178,19.45,47.96,O6915,22,360,R041,Agt095,48,73,0
2024-01-06 08:00:00,W1,A11,S07,P121,T55267,164,283,26.04,50.92,O7981,23,224,R032,Agt093,100,108,0
2024-01-06 08:10:00,W1,A05,S13,P171,T90388,191,151,25.53,61.15,O9705,22,434,R041,Agt072,93,44,0
2024-01-06 08:20:00,W1,A15,S18,P173,T12978,23,260,18.73,67.27,O3428,44,324,R049,Agt096,28,112,1
2024-01-06 08:30:00,W3,A04,S11,P190,T70443,44,240,23.31,62.06,O3502,42,257,R025,Agt052,22,31,0
2024-01-06 08:40:00,W1,A01,S21,P188,T51882,13,170,23.11,39.65,O1618,42,260,R037,Agt014,105,79,1
2024-01-06 08:50:00,W3,A11,S09,P159,T21924,33,273,22.39,35.59,O7625,37,221,R012,Agt057,51,22,0
2024-01-06 09:00:00,W2,A06,S13,P109,T39354,28,296,23.82,47.42,O2226,28,153,R022,Agt025,43,43,1
2024-01-06 09:10:00,W3,A06,S23,P186,T92540,115,259,21.35,55.52,O9987,24,336,R046,Agt054,22,56,0
2024-01-06 09:20:00,W2,A09,S11,P178,T56580,132,198,20.57,55.22,O9677,36,198,R005,Agt082,40,55,0
2024-01-06 09:30:00,W2,A06,S07,P114,T92283,173,229,20.57,48.67,O4994,7,161,R002,Agt047,110,16,0
2024-01-06 09:40:00,W2,A04,S24,P155,T85232,117,284,18.91,35.84,O6626,8,295,R015,Agt042,18,51,0
2024-01-06 09:50:00,W1,A02,S08,P197,T78412,78,236,27.71,61.32,O6910,8,448,R026,Agt027,90,107,1
2024-01-06 10:00:00,W3,A14,S26,P172,T68241,103,152,19.27,37.9,O5556,33,411,R048,Agt073,39,83,0
2024-01-06 10:10:00,W3,A19,S06,P150,T39030,183,295,18.52,44.57,O1028,39,31,R014,Agt085,34,61,0
2024-01-06 10:20:00,W3,A02,S09,P182,T81361,11,182,21.47,69.52,O4023,20,97,R002,Agt042,32,92,1
2024-01-06 10:30:00,W1,A15,S03,P176,T35826,24,209,23.45,63.85,O2760,12,329,R049,Agt079,44,92,1
2024-01-06 10:40:00,W2,A11,S11,P110,T50238,53,291,21.73,42.36,O3292,47,278,R033,Agt024,22,44,0
2024-01-06 10:50:00,W2,A06,S21,P105,T69500,151,234,26.16,59.23,O9967,4,332,R001,Agt041,79,72,0
2024-01-06 11:00:00,W1,A05,S16,P190,T70607,59,243,27.19,48.8,O3613,7,273,R016,Agt081,41,88,1
2024-01-06 11:10:00,W1,A02,S13,P151,T13498,127,202,20.65,60.29,O2989,26,198,R022,Agt013,71,32,0
2024-01-06 11:20:00,W3,A18,S04,P125,T91958,39,293,20.51,63.79,O1958,7,140,R023,Agt058,33,73,1
2024-01-06 11:30:00,W2,A14,S09,P101,T40603,13,247,20.06,44.75,O3506,35,305,R006,Agt019,69,23,1
2024-01-06 11:40:00,W2,A18,S12,P124,T42020,74,239,26.53,56.41,O8279,36,301,R037,Agt040,10,74,0
2024-01-06 11:50:00,W2,A19,S27,P160,T47050,82,209,27.92,44.12,O2775,19,215,R034,Agt031,46,36,0
2024-01-06 12:00:00,W2,A10,S09,P104,T23348,14,159,27.1,36.3,O4961,35,239,R044,Agt061,25,61,1
2024-01-06 12:10:00,W2,A12,S11,P168,T10011,117,265,18.81,36.66,O1808,49,345,R039,Agt023,52,16,0
2024-01-06 12:20:00,W1,A06,S14,P184,T59364,95,246,22.63,54.89,O6358,35,350,R017,Agt044,14,38,0
2024-01-06 12:30:00,W3,A11,S05,P181,T84363,141,271,25.17,62.87,O9966,1,347,R006,Agt080,90,73,0
2024-01-06 12:40:00,W3,A06,S13,P163,T46179,87,270,26.54,66.71,O7609,38,41,R003,Agt040,50,108,1
2024-01-06 12:50:00,W3,A17,S03,P160,T20439,128,248,18.41,59.84,O7719,6,125,R023,Agt012,112,73,0
2024-01-06 13:00:00,W1,A11,S27,P134,T11581,178,262,19.29,47.8,O2766,37,431,R006,Agt044,68,66,0
2024-01-06 13:10:00,W2,A07,S20,P149,T44817,91,223,25.13,49.41,O8238,47,359,R030,Agt007,32,79,0
2024-01-06 13:20:00,W3,A04,S26,P124,T54019,29,161,22.77,46.72,O3087,44,366,R001,Agt009,103,63,1
2024-01-06 13:30:00,W3,A11,S15,P189,T58867,106,241,21.22,63.77,O3126,4,114,R021,Agt098,48,40,0
2024-01-06 13:40:00,W3,A15,S21,P124,T13285,171,239,25.2,38.55,O6505,23,22,R048,Agt095,54,52,0
2024-01-06 13:50:00,W3,A13,S28,P119,T85423,36,289,23.09,49.57,O7388,38,465,R002,Agt035,34,79,1
2024-01-06 14:00:00,W2,A16,S12,P100,T28765,5,162,22.71,42.95,O4563,28,351,R027,Agt031,55,91,1
2024-01-06 14:10:00,W1,A14,S17,P198,T46251,58,203,22.59,38.3,O5231,5,207,R023,Agt093,1,100,1
2024-01-06 14:20:00,W3,A11,S22,P153,T96087,159,255,20.35,55.9,O8442,16,169,R002,Agt037,54,87,0
2024-01-06 14:30:00,W2,A18,S02,P144,T49608,157,196,20.5,36.96,O1448,17,328,R025,Agt051,53,91,0
2024-01-06 14:40:00,W2,A09,S30,P154,T58432,119,230,27.11,45.96,O3336,35,486,R045,Agt003,12,71,0
2024-01-06 14:50:00,W1,A01,S14,P112,T32981,83,295,24.91,35.46,O1317,49,397,R027,Agt061,5,75,0
2024-01-06 15:00:00,W1,A06,S04,P176,T36174,124,150,24.84,64.13,O2589,18,215,R019,Agt096,17,96,0
2024-01-06 15:10:00,W1,A13,S23,P155,T62733,23,249,24.53,38.45,O5973,19,164,R046,Agt030,43,88,1
2024-01-06 15:20:00,W2,A02,S18,P102,T32568,12,173,26.75,58.99,O9255,30,305,R024,Agt011,25,54,1
2024-01-06 15:30:00,W3,A15,S07,P141,T14143,22,151,18.03,38.94,O7742,35,375,R028,Agt072,26,106,1
2024-01-06 15:40:00,W2,A18,S10,P183,T71770,196,210,18.07,48.4,O9084,39,366,R039,Agt068,91,68,0
2024-01-06 15:50:00,W2,A17,S09,P165,T98193,66,268,24.14,52.44,O3669,16,331,R015,Agt061,82,82,1
2024-01-06 16:00:00,W1,A03,S28,P144,T18235,41,164,22.3,40.36,O5896,10,310,R024,Agt002,61,72,1
2024-01-06 16:10:00,W2,A13,S24,P104,T71343,94,196,24.89,46.09,O7840,28,61,R031,Agt071,24,86,0
2024-01-06 16:20:00,W1,A03,S18,P163,T52593,36,261,27.71,49.87,O7760,33,123,R035,Agt061,6,118,1
2024-01-06 16:30:00,W2,A15,S18,P162,T65084,182,196,26.55,51.52,O4023,44,322,R010,Agt007,16,54,0
2024-01-06 16:40:00,W2,A05,S01,P191,T86555,81,192,21.04,60.09,O7411,16,109,R010,Agt079,97,92,1
2024-01-06 16:50:00,W3,A20,S18,P108,T97429,103,246,20.98,65.09,O5732,15,438,R042,Agt080,95,24,0
2024-01-06 17:00:00,W1,A14,S28,P187,T18881,98,209,22.99,59.63,O3473,7,452,R005,Agt054,116,89,0
2024-01-06 17:10:00,W3,A12,S28,P165,T40875,36,259,21.19,59.82,O9020,2,280,R035,Agt063,5,23,0
2024-01-06 17:20:00,W1,A09,S21,P199,T25066,81,261,24.79,67.11,O1830,39,487,R002,Agt014,80,13,0
2024-01-06 17:30:00,W2,A09,S12,P183,T44049,22,233,26.39,66.65,O4591,1,400,R045,Agt035,95,96,1
2024-01-06 17:40:00,W2,A01,S14,P133,T75243,30,198,18.68,54.67,O1720,24,493,R028,Agt001,13,91,1
2024-01-06 17:50:00,W2,A18,S23,P164,T37170,155,255,21.37,38.18,O1406,40,20,R028,Agt002,0,100,0
2024-01-06 18:00:00,W3,A20,S21,P111,T44293,196,187,23.22,63.61,O3840,2,86,R006,Agt050,27,28,0
2024-01-06 18:10:00,W3,A06,S15,P189,T22318,108,184,18.06,56.88,O7327,38,420,R049,Agt031,11,13,0
2024-01-06 18:20:00,W2,A04,S19,P105,T49404,162,268,26.86,49.25,O3120,40,429,R038,Agt077,8,49,0
2024-01-06 18:30:00,W2,A12,S15,P120,T11963,85,193,26.33,67.14,O4234,10,284,R031,Agt086,115,72,0
2024-01-06 18:40:00,W1,A01,S19,P119,T83258,50,263,27.57,44.36,O6935,20,464,R006,Agt050,61,44,0
2024-01-06 18:50:00,W3,A19,S25,P131,T43718,159,243,26.07,59.75,O1183,6,381,R004,Agt072,41,64,0
2024-01-06 19:00:00,W2,A05,S20,P118,T84297,161,156,27.13,35.6,O6640,12,34,R013,Agt092,24,74,0
2024-01-06 19:10:00,W3,A03,S07,P174,T70460,38,215,18.64,59.34,O4755,36,459,R011,Agt033,7,107,1
2024-01-06 19:20:00,W2,A12,S28,P159,T46403,19,265,18.17,69.06,O7256,19,471,R032,Agt013,107,77,1
2024-01-06 19:30:00,W1,A07,S25,P188,T61095,16,221,21.5,60.72,O8948,34,428,R006,Agt017,65,19,1
2024-01-06 19:40:00,W2,A09,S15,P151,T74703,28,201,27.64,65.65,O9582,30,495,R025,Agt019,60,78,1
2024-01-06 19:50:00,W2,A15,S03,P178,T86890,97,232,21.75,49.49,O9277,20,264,R045,Agt099,94,94,0
2024-01-06 20:00:00,W2,A20,S19,P191,T10042,59,275,26.51,69.42,O7841,13,199,R022,Agt048,18,43,0
2024-01-06 20:10:00,W3,A09,S29,P192,T17083,161,154,23.41,43.32,O6105,11,91,R027,Agt037,33,17,0
2024-01-06 20:20:00,W1,A15,S26,P175,T97058,11,279,21.0,58.02,O1012,17,236,R046,Agt059,5,65,1
2024-01-06 20:30:00,W1,A09,S02,P158,T95961,61,288,20.27,39.45,O2040,15,186,R026,Agt037,39,37,0
2024-01-06 20:40:00,W1,A13,S17,P136,T49881,72,204,19.1,41.1,O4086,31,165,R021,Agt073,105,71,0
2024-01-06 20:50:00,W2,A13,S18,P110,T68498,177,219,19.37,57.33,O6441,26,228,R003,Agt071,67,47,0
2024-01-06 21:00:00,W1,A08,S19,P115,T43390,183,233,25.08,41.69,O9376,12,89,R017,Agt096,1,43,0
2024-01-06 21:10:00,W1,A19,S16,P119,T75917,38,289,24.97,38.84,O9535,4,474,R003,Agt055,14,30,0
2024-01-06 21:20:00,W3,A10,S15,P138,T15575,74,167,19.06,54.34,O4885,39,240,R034,Agt018,12,116,1
2024-01-06 21:30:00,W1,A12,S18,P157,T76437,154,293,22.41,46.93,O7801,9,285,R024,Agt003,73,112,0
2024-01-06 21:40:00,W2,A17,S06,P173,T90869,149,189,25.84,45.34,O3844,43,496,R013,Agt061,31,23,0
2024-01-06 21:50:00,W3,A06,S19,P195,T97861,138,251,20.11,51.85,O6401,6,461,R031,Agt023,62,31,0
2024-01-06 22:00:00,W1,A07,S10,P144,T11884,152,286,25.71,47.98,O7452,46,182,R021,Agt079,63,68,0
2024-01-06 22:10:00,W1,A17,S07,P161,T33597,193,260,23.01,66.22,O5416,7,153,R043,Agt030,50,66,0
2024-01-06 22:20:00,W1,A14,S16,P130,T70908,154,272,23.65,41.85,O5058,1,368,R041,Agt072,113,35,0
2024-01-06 22:30:00,W2,A15,S28,P163,T71828,61,225,22.82,68.53,O2628,11,231,R042,Agt002,8,18,0
2024-01-06 22:40:00,W3,A17,S28,P128,T67507,193,198,24.19,39.35,O4663,30,20,R008,Agt045,103,64,0
2024-01-06 22:50:00,W2,A06,S10,P173,T56058,166,221,27.87,35.76,O4195,42,52,R001,Agt092,36,90,0
2024-01-06 23:00:00,W3,A02,S07,P121,T37505,174,279,24.66,52.78,O4912,39,159,R012,Agt054,20,75,0
2024-01-06 23:10:00,W2,A09,S16,P125,T22346,170,267,27.92,46.54,O3375,8,24,R006,Agt029,99,60,0
2024-01-06 23:20:00,W1,A03,S08,P180,T96009,10,240,20.79,46.08,O9089,39,79,R006,Agt040,91,25,1
2024-01-06 23:30:00,W2,A16,S29,P109,T87734,74,283,19.6,38.57,O2577,25,41,R012,Agt017,68,68,0
2024-01-06 23:40:00,W2,A07,S21,P105,T89000,127,280,18.1,69.51,O7089,23,478,R002,Agt044,49,108,0
2024-01-06 23:50:00,W1,A13,S06,P111,T51453,45,180,20.06,59.38,O3159,44,272,R004,Agt035,15,40,0
2024-01-07 00:00:00,W3,A06,S11,P115,T81401,137,163,25.11,69.7,O8866,35,309,R009,Agt075,48,21,0
2024-01-07 00:10:00,W1,A12,S18,P186,T46593,115,292,21.6,50.37,O3511,41,104,R019,Agt005,110,55,0
2024-01-07 00:20:00,W1,A13,S27,P182,T89173,108,273,21.13,36.82,O6792,42,170,R021,Agt087,89,80,0
2024-01-07 00:30:00,W2,A03,S24,P191,T44896,44,164,19.01,63.85,O6113,48,131,R012,Agt078,84,95,1
2024-01-07 00:40:00,W1,A12,S12,P110,T13060,138,220,22.09,62.52,O5514,18,58,R017,Agt038,37,51,0
2024-01-07 00:50:00,W3,A05,S03,P125,T80972,13,189,21.42,40.26,O5781,23,100,R033,Agt043,1,30,1
2024-01-07 01:00:00,W1,A14,S17,P102,T95771,64,253,23.17,67.11,O9076,47,80,R039,Agt071,22,74,1
2024-01-07 01:10:00,W3,A08,S03,P192,T42841,100,176,21.57,56.82,O8121,34,383,R029,Agt022,13,112,1
2024-01-07 01:20:00,W3,A08,S09,P123,T92700,95,184,24.67,41.07,O2371,9,436,R009,Agt035,114,66,0
2024-01-07 01:30:00,W2,A20,S26,P164,T40322,18,177,23.07,53.91,O3565,6,494,R022,Agt070,105,100,1
2024-01-07 01:40:00,W1,A14,S17,P186,T84140,95,289,20.36,40.79,O2073,2,156,R017,Agt029,9,119,1
2024-01-07 01:50:00,W2,A08,S09,P135,T58027,115,290,21.34,61.92,O9032,28,376,R036,Agt026,5,96,0
2024-01-07 02:00:00,W1,A20,S21,P147,T53143,33,261,20.52,63.77,O7597,31,398,R021,Agt091,82,95,1
2024-01-07 02:10:00,W2,A16,S23,P121,T68101,125,161,18.64,47.0,O8824,22,301,R049,Agt098,90,67,0
2024-01-07 02:20:00,W2,A11,S24,P142,T11403,185,150,21.98,45.4,O6435,26,299,R024,Agt041,58,34,0
2024-01-07 02:30:00,W1,A15,S17,P136,T27312,128,270,23.23,65.0,O3375,34,439,R019,Agt080,69,43,0
2024-01-07 02:40:00,W1,A17,S30,P168,T36140,117,274,26.19,69.84,O7475,7,132,R002,Agt042,31,66,0
2024-01-07 02:50:00,W3,A19,S25,P157,T69062,20,277,22.78,46.39,O3974,18,398,R002,Agt080,44,75,1
2024-01-07 03:00:00,W3,A03,S14,P197,T40657,94,281,26.78,51.06,O9574,42,234,R022,Agt087,72,81,0
2024-01-07 03:10:00,W3,A08,S30,P162,T79410,105,190,18.09,63.7,O5726,30,126,R014,Agt098,8,33,0
2024-01-07 03:20:00,W1,A02,S14,P170,T23617,186,299,18.41,48.43,O2646,29,233,R005,Agt030,92,111,0
2024-01-07 03:30:00,W2,A14,S17,P140,T52903,23,278,23.96,61.96,O3138,32,434,R049,Agt026,54,33,1
2024-01-07 03:40:00,W1,A11,S20,P196,T70035,133,256,27.61,46.99,O6342,22,453,R035,Agt094,48,11,0
2024-01-07 03:50:00,W1,A08,S14,P121,T23605,184,239,19.39,41.45,O7131,39,190,R009,Agt023,87,118,0
2024-01-07 04:00:00,W1,A18,S15,P187,T33860,104,274,21.97,58.34,O6632,43,103,R007,Agt077,59,25,0
2024-01-07 04:10:00,W2,A11,S21,P117,T81220,137,283,21.73,63.19,O2340,40,447,R004,Agt016,60,112,0
2024-01-07 04:20:00,W1,A10,S03,P132,T23016,178,243,26.4,50.04,O7848,17,432,R048,Agt057,4,15,0
2024-01-07 04:30:00,W1,A03,S03,P175,T74379,34,159,23.87,37.11,O5639,40,195,R013,Agt040,102,96,1
2024-01-07 04:40:00,W3,A10,S22,P194,T44821,68,260,26.58,57.54,O2410,34,48,R033,Agt008,58,16,0
2024-01-07 04:50:00,W2,A16,S30,P142,T42263,139,244,26.49,54.28,O3216,31,438,R029,Agt031,45,104,0
2024-01-07 05:00:00,W3,A15,S03,P150,T74528,175,227,24.06,69.44,O3920,2,113,R017,Agt047,49,76,0
2024-01-07 05:10:00,W1,A20,S08,P137,T96089,154,290,18.75,68.21,O1341,7,258,R041,Agt088,95,31,0
2024-01-07 05:20:00,W2,A07,S17,P139,T11651,68,296,27.98,51.71,O9564,18,225,R034,Agt062,102,22,0
2024-01-07 05:30:00,W3,A05,S08,P154,T38469,107,188,20.98,44.0,O9399,27,84,R003,Agt092,35,43,0
2024-01-07 05:40:00,W1,A17,S21,P112,T60093,7,220,21.88,63.71,O3424,5,161,R018,Agt055,63,116,1
2024-01-07 05:50:00,W3,A13,S09,P198,T11835,28,239,18.5,45.66,O8894,15,130,R024,Agt098,34,47,1
2024-01-07 06:00:00,W2,A07,S08,P105,T26292,18,279,27.28,36.12,O7846,49,120,R039,Agt028,78,43,1
2024-01-07 06:10:00,W2,A11,S10,P185,T65485,72,193,20.05,50.81,O6491,8,194,R003,Agt071,116,45,0
2024-01-07 06:20:00,W2,A12,S04,P118,T32980,56,166,18.07,58.26,O5516,34,420,R032,Agt001,55,60,1
2024-01-07 06:30:00,W2,A08,S05,P100,T15753,145,187,25.0,58.33,O6975,19,244,R037,Agt039,94,66,0
2024-01-07 06:40:00,W1,A18,S17,P133,T82604,123,245,19.29,53.28,O8330,7,373,R026,Agt012,44,74,0
2024-01-07 06:50:00,W2,A18,S13,P119,T72247,96,158,23.72,69.01,O5874,42,160,R029,Agt072,100,17,0
2024-01-07 07:00:00,W1,A19,S22,P118,T11749,122,156,24.53,45.64,O5629,45,135,R016,Agt039,107,57,0
2024-01-07 07:10:00,W2,A07,S14,P187,T66980,44,201,22.51,46.44,O1110,4,167,R022,Agt038,38,46,1
2024-01-07 07:20:00,W2,A08,S17,P145,T17180,65,250,25.06,60.43,O2260,34,395,R041,Agt058,16,75,1
2024-01-07 07:30:00,W1,A06,S09,P155,T52070,103,282,20.39,41.72,O2473,43,448,R049,Agt084,26,50,0
2024-01-07 07:40:00,W2,A07,S09,P123,T75571,190,230,24.51,44.88,O7959,18,432,R016,Agt053,30,61,0
2024-01-07 07:50:00,W1,A07,S19,P117,T68738,12,261,20.68,35.23,O5389,6,419,R032,Agt050,58,117,1
2024-01-07 08:00:00,W3,A10,S27,P199,T11826,101,219,24.18,69.04,O1418,15,422,R024,Agt076,15,74,0
2024-01-07 08:10:00,W2,A13,S12,P119,T82168,199,223,24.7,47.26,O4249,23,83,R031,Agt012,50,69,0
2024-01-07 08:20:00,W1,A05,S05,P141,T53129,59,198,25.6,43.21,O8300,9,424,R031,Agt019,102,57,0
2024-01-07 08:30:00,W3,A12,S19,P170,T72940,85,166,20.25,69.03,O7827,41,257,R030,Agt020,110,51,0
2024-01-07 08:40:00,W2,A19,S09,P105,T17006,39,229,24.88,56.98,O6330,49,217,R043,Agt024,74,69,1
2024-01-07 08:50:00,W2,A08,S25,P188,T92591,19,279,24.89,50.93,O6184,13,403,R031,Agt097,60,38,1
2024-01-07 09:00:00,W3,A18,S25,P146,T49573,177,260,25.3,51.46,O8845,46,321,R043,Agt085,35,37,0
2024-01-07 09:10:00,W1,A01,S03,P101,T80236,142,275,26.0,48.12,O1957,47,443,R001,Agt070,5,103,0
2024-01-07 09:20:00,W2,A17,S11,P115,T57125,34,225,19.68,35.42,O3250,18,75,R030,Agt052,46,111,1
2024-01-07 09:30:00,W3,A09,S04,P137,T97876,57,279,22.84,36.7,O7531,29,338,R023,Agt037,109,88,1
2024-01-07 09:40:00,W3,A05,S25,P125,T98272,81,207,21.27,56.65,O4191,3,185,R032,Agt037,112,101,1
2024-01-07 09:50:00,W1,A02,S18,P150,T24443,198,198,25.27,59.17,O4996,29,359,R040,Agt034,39,65,0
2024-01-07 10:00:00,W3,A12,S27,P101,T84181,59,294,23.68,63.3,O8980,1,97,R036,Agt055,61,19,0
2024-01-07 10:10:00,W1,A12,S30,P133,T69728,196,234,24.89,56.43,O9698,23,286,R020,Agt071,24,13,0
2024-01-07 10:20:00,W3,A15,S15,P169,T30590,89,176,18.4,65.57,O6159,40,182,R040,Agt028,37,50,0
2024-01-07 10:30:00,W2,A01,S14,P162,T55605,18,260,24.7,43.91,O7966,12,161,R048,Agt024,25,15,0
2024-01-07 10:40:00,W3,A12,S09,P104,T85750,112,292,25.48,57.64,O4695,16,431,R024,Agt022,6,29,0
2024-01-07 10:50:00,W3,A12,S06,P176,T45912,120,174,26.83,41.69,O3604,26,344,R002,Agt072,57,75,0
2024-01-07 11:00:00,W3,A16,S09,P148,T40845,46,183,19.66,50.18,O7796,38,102,R027,Agt042,38,48,1
2024-01-07 11:10:00,W1,A20,S25,P100,T44811,63,199,18.75,61.7,O8945,10,342,R011,Agt027,93,16,0
2024-01-07 11:20:00,W3,A01,S15,P193,T91861,21,175,21.54,35.49,O2248,44,76,R039,Agt082,57,78,1
2024-01-07 11:30:00,W2,A15,S29,P197,T45469,106,197,26.79,47.17,O8625,45,222,R024,Agt026,84,26,0
2024-01-07 11:40:00,W3,A10,S21,P159,T35265,47,299,27.4,57.12,O6857,6,105,R047,Agt036,53,73,1
2024-01-07 11:50:00,W3,A19,S25,P125,T79572,40,160,23.71,66.67,O9723,36,118,R017,Agt061,116,60,1
2024-01-07 12:00:00,W2,A14,S11,P110,T31876,42,198,20.42,68.96,O3592,4,33,R006,Agt057,96,38,0
2024-01-07 12:10:00,W2,A20,S01,P150,T92890,16,213,24.39,49.03,O4941,4,36,R039,Agt083,92,86,1
2024-01-07 12:20:00,W3,A15,S26,P140,T18843,22,162,23.18,35.9,O3205,3,164,R045,Agt079,1,117,1
2024-01-07 12:30:00,W2,A05,S23,P120,T82730,162,209,22.79,68.33,O8162,5,53,R018,Agt079,72,74,0
2024-01-07 12:40:00,W1,A14,S17,P183,T17912,76,297,20.54,51.87,O8472,32,499,R025,Agt090,83,113,1
2024-01-07 12:50:00,W3,A14,S15,P124,T26480,123,152,21.87,35.09,O3186,2,125,R038,Agt095,15,117,0
2024-01-07 13:00:00,W2,A18,S27,P138,T34390,184,155,21.36,51.48,O6096,1,30,R003,Agt045,48,92,0
2024-01-07 13:10:00,W1,A02,S12,P192,T74778,198,153,26.49,68.78,O5143,13,175,R041,Agt031,99,49,0
2024-01-07 13:20:00,W2,A07,S13,P163,T89591,82,214,20.45,67.85,O2141,21,484,R001,Agt038,106,92,1
2024-01-07 13:30:00,W1,A03,S11,P184,T94286,147,235,25.45,59.74,O8435,4,172,R042,Agt080,23,62,0
2024-01-07 13:40:00,W1,A16,S04,P116,T88043,168,208,27.94,67.0,O4319,22,346,R038,Agt019,22,22,0
2024-01-07 13:50:00,W1,A20,S06,P144,T92273,154,164,25.78,69.17,O3717,37,337,R025,Agt034,79,13,0
2024-01-07 14:00:00,W1,A06,S14,P121,T59610,180,216,27.18,48.79,O3129,29,436,R019,Agt012,56,43,0
2024-01-07 14:10:00,W3,A08,S25,P179,T11690,42,269,20.14,63.73,O4740,38,98,R030,Agt095,54,28,0
2024-01-07 14:20:00,W2,A07,S06,P174,T46960,89,289,24.43,56.34,O9954,21,65,R038,Agt064,21,33,0
2024-01-07 14:30:00,W3,A02,S22,P159,T98541,36,232,22.2,66.09,O2017,42,279,R046,Agt012,81,42,1
2024-01-07 14:40:00,W3,A20,S13,P117,T48846,135,229,24.16,67.45,O8661,2,455,R035,Agt093,90,15,0
2024-01-07 14:50:00,W3,A06,S26,P182,T31914,66,188,18.75,64.73,O3653,27,60,R043,Agt010,22,21,0
2024-01-07 15:00:00,W2,A17,S10,P157,T72711,40,220,18.05,69.94,O2742,3,291,R011,Agt086,100,55,1
2024-01-07 15:10:00,W3,A20,S12,P184,T36299,59,280,27.42,45.45,O7223,44,330,R028,Agt006,108,59,0
2024-01-07 15:20:00,W1,A08,S23,P168,T22542,55,259,27.57,65.46,O5612,37,445,R018,Agt021,63,10,0
2024-01-07 15:30:00,W2,A12,S29,P150,T29949,103,221,21.64,48.19,O8738,45,352,R034,Agt046,79,113,1
2024-01-07 15:40:00,W3,A16,S14,P189,T92827,146,166,20.28,35.15,O3881,25,238,R001,Agt002,3,66,0
2024-01-07 15:50:00,W3,A13,S14,P176,T27171,162,228,25.09,47.14,O2544,41,390,R019,Agt001,70,107,0
2024-01-07 16:00:00,W2,A09,S30,P147,T34329,78,194,21.69,57.41,O8162,41,417,R046,Agt060,26,81,1
2024-01-07 16:10:00,W3,A14,S01,P149,T85603,9,258,18.44,63.41,O8084,15,385,R033,Agt011,25,50,1
2024-01-07 16:20:00,W3,A15,S24,P166,T92204,55,286,18.88,35.51,O7065,37,142,R036,Agt023,12,33,0
2024-01-07 16:30:00,W3,A07,S12,P143,T19062,70,163,25.67,38.16,O6657,37,402,R019,Agt092,23,81,1
2024-01-07 16:40:00,W2,A04,S28,P128,T39802,177,233,23.71,67.78,O9373,8,306,R029,Agt046,105,50,0
2024-01-07 16:50:00,W3,A11,S05,P131,T52181,183,171,27.82,64.47,O4433,9,372,R040,Agt042,79,27,0
2024-01-07 17:00:00,W2,A18,S08,P106,T84739,163,153,26.89,56.39,O2256,42,481,R036,Agt079,69,111,0
2024-01-07 17:10:00,W1,A12,S12,P141,T87961,40,208,24.32,52.73,O2535,29,31,R013,Agt023,80,119,1
2024-01-07 17:20:00,W3,A10,S13,P154,T81045,74,275,27.14,48.16,O5969,48,65,R003,Agt098,6,119,1
2024-01-07 17:30:00,W2,A11,S28,P158,T88773,19,192,25.18,35.42,O5962,10,67,R028,Agt058,110,69,1
2024-01-07 17:40:00,W1,A18,S19,P160,T55583,175,251,21.19,62.32,O8746,9,172,R031,Agt046,1,117,0
2024-01-07 17:50:00,W3,A07,S19,P105,T55363,199,255,23.51,36.29,O1138,37,495,R047,Agt032,40,16,0
2024-01-07 18:00:00,W3,A05,S04,P182,T29167,68,154,22.17,52.19,O2963,33,267,R002,Agt037,9,70,1
2024-01-07 18:10:00,W3,A09,S23,P140,T85240,16,239,24.86,38.62,O2962,16,212,R004,Agt039,16,19,1
2024-01-07 18:20:00,W2,A08,S05,P178,T72777,87,274,25.66,59.58,O2884,24,470,R010,Agt023,54,39,0
2024-01-07 18:30:00,W2,A15,S19,P128,T56940,67,190,21.66,35.36,O1475,13,461,R010,Agt071,110,30,0
2024-01-07 18:40:00,W3,A20,S21,P121,T50757,163,190,24.02,59.77,O2613,28,419,R046,Agt031,86,17,0
2024-01-07 18:50:00,W1,A13,S27,P102,T14842,40,276,19.31,36.82,O1201,1,422,R042,Agt073,6,115,1
2024-01-07 19:00:00,W3,A12,S29,P196,T63116,75,293,20.43,57.23,O4310,19,277,R014,Agt026,101,94,1
2024-01-07 19:10:00,W1,A06,S22,P165,T66873,108,279,18.9,53.66,O2805,49,329,R029,Agt015,50,69,0
2024-01-07 19:20:00,W3,A15,S03,P137,T54588,135,170,22.97,46.66,O1219,48,317,R029,Agt041,118,97,0
2024-01-07 19:30:00,W1,A05,S03,P180,T52005,20,221,22.74,49.25,O5061,30,457,R042,Agt059,13,62,1
2024-01-07 19:40:00,W2,A07,S23,P116,T70274,161,174,21.33,56.5,O2600,29,182,R010,Agt036,0,22,0
2024-01-07 19:50:00,W2,A17,S05,P105,T82113,120,193,24.24,61.07,O7381,25,346,R002,Agt080,72,19,0
2024-01-07 20:00:00,W2,A08,S13,P197,T39791,173,163,22.43,60.35,O3779,13,389,R004,Agt049,109,80,0
2024-01-07 20:10:00,W1,A16,S08,P148,T33533,84,192,20.43,61.41,O3419,36,396,R022,Agt019,84,90,1
2024-01-07 20:20:00,W3,A04,S06,P168,T83842,55,250,27.3,57.82,O6657,6,74,R021,Agt076,11,56,1
2024-01-07 20:30:00,W1,A15,S12,P164,T80206,106,173,26.72,48.09,O1293,14,49,R007,Agt034,117,81,0
2024-01-07 20:40:00,W2,A18,S11,P180,T83785,7,187,19.9,65.31,O1362,8,345,R011,Agt082,92,37,1
2024-01-07 20:50:00,W3,A16,S26,P100,T26618,192,275,25.53,41.08,O4964,25,498,R041,Agt008,41,52,0
2024-01-07 21:00:00,W2,A18,S05,P193,T93948,139,222,18.54,49.78,O7337,32,111,R032,Agt002,15,26,0
2024-01-07 21:10:00,W2,A06,S10,P130,T78174,130,226,22.76,62.14,O9203,25,374,R048,Agt075,5,103,0
2024-01-07 21:20:00,W3,A02,S17,P198,T92325,168,152,23.78,61.18,O3824,5,151,R011,Agt037,91,63,0
2024-01-07 21:30:00,W3,A04,S02,P121,T65456,139,278,25.59,45.17,O1774,35,384,R037,Agt038,102,62,0
2024-01-07 21:40:00,W1,A14,S01,P173,T33265,165,280,23.26,68.07,O9398,2,451,R041,Agt082,112,75,0
2024-01-07 21:50:00,W2,A14,S26,P135,T79921,148,173,19.65,63.72,O6445,22,140,R030,Agt092,38,97,0
2024-01-07 22:00:00,W3,A05,S05,P182,T65558,37,236,20.06,47.44,O9289,4,340,R043,Agt054,62,47,1
2024-01-07 22:10:00,W2,A02,S07,P116,T11422,187,278,23.01,39.73,O6062,14,36,R048,Agt057,102,61,0
2024-01-07 22:20:00,W2,A12,S01,P118,T61274,189,254,23.68,57.37,O9091,25,170,R006,Agt004,30,119,0
2024-01-07 22:30:00,W3,A04,S26,P191,T19080,82,237,20.13,51.76,O6131,32,487,R001,Agt021,75,76,0
2024-01-07 22:40:00,W1,A03,S19,P147,T34008,23,208,24.85,60.17,O9742,28,299,R045,Agt033,31,83,1
2024-01-07 22:50:00,W3,A01,S09,P119,T99062,160,205,21.85,55.11,O2716,22,203,R007,Agt039,0,110,0
2024-01-07 23:00:00,W1,A18,S19,P132,T72544,5,244,21.15,36.57,O4583,46,409,R015,Agt068,108,74,1
2024-01-07 23:10:00,W3,A06,S09,P182,T62630,149,205,25.53,68.15,O2273,43,107,R045,Agt066,12,114,0
2024-01-07 23:20:00,W3,A09,S18,P121,T14791,57,207,27.08,49.99,O3262,18,290,R047,Agt075,16,41,0
2024-01-07 23:30:00,W2,A18,S07,P197,T87044,118,287,20.63,52.07,O3910,21,199,R048,Agt069,54,90,0
2024-01-07 23:40:00,W2,A03,S13,P154,T15880,70,162,27.53,60.7,O3923,8,253,R032,Agt073,27,72,1
2024-01-07 23:50:00,W1,A01,S18,P134,T35970,111,210,20.04,56.17,O7644,17,109,R019,Agt051,92,53,0
2024-01-08 00:00:00,W3,A06,S12,P199,T52671,133,212,27.74,57.88,O7166,11,107,R020,Agt059,29,68,0
2024-01-08 00:10:00,W3,A19,S18,P121,T99707,34,298,25.74,35.67,O3231,43,291,R003,Agt021,73,103,1
2024-01-08 00:20:00,W3,A13,S13,P158,T66250,118,217,19.35,44.56,O1414,45,409,R048,Agt064,52,78,0
2024-01-08 00:30:00,W2,A05,S01,P191,T25420,74,169,18.29,61.36,O7062,16,28,R002,Agt055,36,46,0
2024-01-08 00:40:00,W1,A16,S12,P103,T95895,162,264,27.82,42.88,O6596,13,307,R017,Agt029,94,111,0
2024-01-08 00:50:00,W3,A05,S15,P142,T29483,199,247,27.68,58.6,O3949,17,368,R003,Agt028,111,14,0
2024-01-08 01:00:00,W3,A14,S19,P123,T88052,96,202,22.8,66.43,O3713,11,126,R032,Agt049,83,64,0
2024-01-08 01:10:00,W3,A02,S19,P146,T70177,57,228,26.77,53.33,O7360,32,459,R037,Agt030,115,29,0
2024-01-08 01:20:00,W1,A07,S10,P149,T39449,166,253,22.31,35.16,O2229,2,386,R015,Agt061,115,61,0
2024-01-08 01:30:00,W3,A11,S07,P198,T52360,100,281,18.98,68.2,O8448,5,351,R005,Agt071,84,11,0
2024-01-08 01:40:00,W3,A06,S26,P158,T13355,31,213,22.53,38.84,O7539,15,232,R018,Agt009,108,17,0
2024-01-08 01:50:00,W1,A16,S13,P122,T55043,80,219,24.28,44.07,O7201,46,478,R032,Agt054,95,95,1
2024-01-08 02:00:00,W1,A01,S20,P172,T39194,190,161,25.32,49.82,O8364,14,37,R020,Agt064,105,86,0
2024-01-08 02:10:00,W1,A12,S07,P108,T49740,113,286,22.0,56.84,O8998,49,457,R005,Agt001,9,39,0
2024-01-08 02:20:00,W3,A18,S03,P131,T45968,115,232,20.99,61.45,O6213,7,484,R005,Agt033,36,43,0
2024-01-08 02:30:00,W2,A17,S26,P129,T78352,27,228,21.72,65.58,O3073,11,343,R012,Agt071,115,71,1
2024-01-08 02:40:00,W2,A17,S30,P185,T29349,26,263,20.38,44.83,O3102,29,318,R020,Agt001,44,63,1
2024-01-08 02:50:00,W3,A14,S28,P130,T34253,35,265,24.16,59.77,O3280,4,213,R043,Agt072,15,102,1
2024-01-08 03:00:00,W1,A17,S05,P173,T90016,122,190,22.66,37.43,O4434,35,482,R005,Agt065,92,82,0
2024-01-08 03:10:00,W3,A18,S30,P168,T43449,161,247,24.71,43.94,O5517,15,449,R011,Agt006,115,90,0
2024-01-08 03:20:00,W3,A10,S28,P108,T93702,199,210,26.6,44.79,O5876,29,441,R003,Agt026,61,36,0
2024-01-08 03:30:00,W2,A14,S21,P124,T33347,155,295,18.36,51.17,O6105,38,200,R046,Agt024,68,95,0
2024-01-08 03:40:00,W1,A05,S29,P139,T69081,18,173,23.52,55.74,O9973,23,303,R030,Agt069,105,25,1
2024-01-08 03:50:00,W3,A16,S17,P161,T39144,165,156,23.76,43.81,O6100,12,309,R024,Agt073,68,36,0
2024-01-08 04:00:00,W2,A03,S13,P188,T46707,20,192,23.68,59.92,O1184,12,234,R020,Agt052,59,17,0
2024-01-08 04:10:00,W1,A09,S09,P179,T78190,55,164,21.33,59.05,O1041,14,197,R021,Agt009,79,13,0
2024-01-08 04:20:00,W2,A17,S01,P108,T61344,137,246,23.11,57.96,O6885,12,157,R049,Agt096,52,10,0
2024-01-08 04:30:00,W2,A05,S25,P155,T28148,177,266,21.11,54.1,O4614,5,321,R009,Agt030,115,21,0
2024-01-08 04:40:00,W2,A16,S22,P182,T93625,64,220,21.39,45.63,O2171,15,325,R023,Agt070,99,12,0
2024-01-08 04:50:00,W2,A10,S26,P102,T66027,39,177,20.24,46.75,O2610,8,47,R044,Agt003,12,63,1
2024-01-08 05:00:00,W1,A12,S24,P108,T55476,40,180,20.5,41.82,O5023,33,311,R012,Agt048,119,61,1
2024-01-08 05:10:00,W3,A03,S16,P128,T43229,48,165,26.47,47.67,O8183,20,149,R005,Agt027,74,106,1
2024-01-08 05:20:00,W1,A16,S09,P114,T81016,62,226,24.88,59.26,O7120,35,331,R035,Agt091,46,31,0
2024-01-08 05:30:00,W1,A10,S19,P171,T16329,196,269,20.71,63.57,O4331,6,154,R029,Agt061,88,112,0
2024-01-08 05:40:00,W3,A03,S09,P194,T78102,195,207,18.89,46.84,O8721,18,144,R032,Agt074,80,92,0
2024-01-08 05:50:00,W2,A19,S27,P173,T85761,194,154,24.2,46.76,O9261,23,340,R038,Agt057,88,111,0
2024-01-08 06:00:00,W3,A06,S21,P195,T56456,170,262,27.13,55.65,O3426,49,58,R006,Agt046,90,105,0
2024-01-08 06:10:00,W1,A17,S14,P156,T38063,121,213,25.26,67.61,O7066,44,21,R007,Agt086,53,100,0
2024-01-08 06:20:00,W2,A05,S23,P167,T17527,140,240,27.54,63.36,O8109,47,65,R032,Agt019,63,32,0
2024-01-08 06:30:00,W1,A05,S29,P188,T94565,74,240,27.43,45.09,O8489,11,27,R009,Agt018,21,86,1
2024-01-08 06:40:00,W3,A12,S12,P122,T91210,150,280,18.12,44.69,O2400,20,411,R025,Agt054,109,12,0
2024-01-08 06:50:00,W2,A14,S25,P101,T87961,83,241,23.47,64.33,O1934,36,323,R002,Agt062,33,113,1
2024-01-08 07:00:00,W2,A04,S27,P114,T90855,92,255,19.33,53.17,O3884,13,198,R010,Agt074,12,49,0
2024-01-08 07:10:00,W1,A16,S12,P153,T34295,88,269,24.15,56.82,O1695,2,325,R003,Agt086,22,91,1
2024-01-08 07:20:00,W2,A20,S28,P118,T50218,139,188,21.35,47.56,O8260,19,495,R010,Agt085,58,65,0
2024-01-08 07:30:00,W3,A02,S14,P137,T84605,93,203,23.08,39.03,O1332,6,253,R016,Agt036,59,75,0
2024-01-08 07:40:00,W3,A01,S03,P154,T72781,16,178,23.98,37.22,O7495,7,56,R008,Agt051,100,21,1
2024-01-08 07:50:00,W3,A19,S15,P132,T15500,83,210,19.64,47.36,O6063,15,145,R017,Agt025,108,104,1
2024-01-08 08:00:00,W1,A03,S18,P108,T44470,35,247,23.77,42.65,O3378,5,143,R028,Agt004,77,43,1
2024-01-08 08:10:00,W1,A08,S26,P112,T33688,124,242,21.45,62.78,O3183,39,436,R047,Agt024,33,117,0
2024-01-08 08:20:00,W1,A05,S26,P144,T24989,120,255,21.45,53.34,O2272,46,464,R042,Agt039,52,91,0
2024-01-08 08:30:00,W3,A17,S18,P192,T26150,188,290,20.95,39.54,O4787,36,80,R032,Agt070,11,20,0
2024-01-08 08:40:00,W3,A12,S02,P169,T89092,163,287,18.66,56.51,O4207,29,442,R041,Agt081,109,84,0
2024-01-08 08:50:00,W3,A15,S22,P108,T12012,45,212,21.05,40.15,O9200,24,338,R021,Agt041,87,116,1
2024-01-08 09:00:00,W1,A12,S20,P199,T71936,111,164,26.86,68.27,O3813,7,168,R004,Agt030,72,29,0
2024-01-08 09:10:00,W1,A15,S25,P108,T11491,111,208,21.78,61.22,O3230,31,482,R011,Agt013,103,73,0
2024-01-08 09:20:00,W2,A02,S01,P100,T17780,140,192,26.47,58.15,O7752,11,44,R033,Agt030,77,18,0
2024-01-08 09:30:00,W3,A08,S26,P129,T86815,155,162,18.97,61.18,O9977,12,484,R004,Agt046,3,88,0
2024-01-08 09:40:00,W2,A17,S10,P144,T33281,79,275,18.76,48.91,O9874,30,364,R041,Agt089,28,10,0
2024-01-08 09:50:00,W2,A01,S02,P119,T15779,180,180,18.75,61.7,O5104,44,181,R001,Agt059,82,32,0
2024-01-08 10:00:00,W1,A05,S12,P175,T97865,139,236,26.14,37.51,O6140,29,462,R018,Agt055,88,15,0
2024-01-08 10:10:00,W2,A05,S15,P173,T50864,126,220,26.21,50.24,O1937,12,176,R049,Agt041,55,110,0
2024-01-08 10:20:00,W1,A04,S25,P181,T45839,125,218,19.92,61.82,O4084,44,96,R016,Agt067,24,90,0
2024-01-08 10:30:00,W1,A17,S29,P130,T39967,143,254,19.9,59.35,O9598,1,302,R041,Agt010,102,52,0
2024-01-08 10:40:00,W1,A15,S06,P101,T19272,179,215,27.2,38.66,O4232,23,208,R010,Agt041,68,89,0
2024-01-08 10:50:00,W3,A05,S17,P100,T89696,195,220,24.07,48.18,O2897,11,137,R035,Agt068,1,23,0
2024-01-08 11:00:00,W2,A03,S27,P151,T62891,194,194,24.89,52.41,O3513,41,496,R047,Agt043,63,26,0
2024-01-08 11:10:00,W3,A06,S16,P169,T89884,164,211,26.34,49.02,O7080,36,318,R034,Agt093,12,96,0
2024-01-08 11:20:00,W1,A02,S07,P146,T33875,23,214,27.3,45.4,O9113,20,388,R005,Agt071,34,13,0
2024-01-08 11:30:00,W3,A04,S05,P144,T26467,92,192,27.78,39.27,O7074,21,154,R018,Agt080,60,93,1
2024-01-08 11:40:00,W3,A11,S11,P165,T36948,80,253,18.23,57.73,O9352,3,267,R044,Agt047,117,98,1
2024-01-08 11:50:00,W1,A02,S22,P191,T51037,92,239,24.87,38.69,O6377,1,217,R040,Agt097,37,35,0
2024-01-08 12:00:00,W2,A15,S26,P143,T82007,127,261,18.83,42.46,O8192,47,140,R025,Agt032,101,48,0
2024-01-08 12:10:00,W3,A19,S14,P197,T65056,109,221,22.17,60.1,O3863,14,476,R006,Agt062,78,23,0
2024-01-08 12:20:00,W1,A01,S28,P180,T61139,33,287,18.89,47.87,O2119,27,148,R048,Agt076,76,68,1
2024-01-08 12:30:00,W1,A19,S07,P174,T23296,28,169,27.29,65.41,O3195,11,358,R016,Agt018,9,37,1
2024-01-08 12:40:00,W1,A16,S29,P173,T19097,51,299,19.51,68.35,O8201,42,146,R043,Agt094,90,68,1
2024-01-08 12:50:00,W1,A05,S18,P181,T74127,49,211,24.14,56.84,O6486,9,333,R021,Agt013,70,14,0
2024-01-08 13:00:00,W1,A05,S08,P134,T64064,35,285,26.21,55.94,O5791,8,403,R044,Agt024,28,89,1
2024-01-08 13:10:00,W3,A06,S02,P121,T37134,188,281,27.59,37.97,O3753,42,112,R004,Agt018,32,65,0
2024-01-08 13:20:00,W2,A09,S27,P108,T79523,174,265,22.63,67.51,O5024,41,231,R015,Agt005,2,10,0
2024-01-08 13:30:00,W1,A04,S19,P195,T73856,14,279,20.94,36.1,O7094,30,107,R018,Agt020,45,19,1
2024-01-08 13:40:00,W1,A15,S13,P110,T23685,197,248,25.19,57.45,O9088,34,393,R032,Agt027,84,101,0
2024-01-08 13:50:00,W2,A18,S29,P158,T42110,29,214,19.39,58.98,O4947,1,441,R036,Agt015,86,103,1
2024-01-08 14:00:00,W2,A14,S22,P171,T96440,26,247,18.94,38.39,O2743,12,117,R026,Agt056,43,39,1
2024-01-08 14:10:00,W1,A11,S12,P172,T50704,153,156,27.12,59.76,O6050,38,371,R049,Agt037,68,55,0
2024-01-08 14:20:00,W3,A11,S15,P156,T74675,81,229,20.3,45.07,O8119,21,329,R018,Agt032,7,29,0
2024-01-08 14:30:00,W1,A15,S25,P144,T95955,156,222,27.31,61.36,O4848,3,63,R026,Agt082,91,37,0
2024-01-08 14:40:00,W2,A12,S18,P107,T89510,106,179,21.45,47.4,O8240,15,295,R028,Agt080,10,92,0
2024-01-08 14:50:00,W3,A09,S22,P149,T48730,18,276,18.87,57.43,O9061,7,109,R030,Agt042,43,60,1
2024-01-08 15:00:00,W1,A06,S16,P104,T21998,12,286,22.99,40.63,O9285,43,284,R011,Agt008,69,27,1
2024-01-08 15:10:00,W1,A11,S05,P163,T19608,118,222,26.01,63.28,O1503,49,420,R015,Agt011,13,119,1
2024-01-08 15:20:00,W2,A04,S09,P175,T62404,94,208,27.63,63.6,O4979,40,385,R048,Agt054,13,31,0
2024-01-08 15:30:00,W3,A17,S27,P133,T72938,42,182,26.29,53.49,O6582,13,163,R032,Agt035,106,103,1
2024-01-08 15:40:00,W1,A01,S29,P118,T87725,193,213,23.62,38.92,O1905,14,251,R017,Agt038,29,26,0
2024-01-08 15:50:00,W2,A04,S17,P171,T97805,16,278,24.97,44.55,O9158,3,493,R005,Agt073,101,81,1
2024-01-08 16:00:00,W3,A08,S26,P190,T63796,167,192,19.84,57.23,O3077,38,460,R049,Agt098,77,102,0
2024-01-08 16:10:00,W1,A11,S13,P186,T37843,59,234,18.37,68.91,O2708,3,33,R035,Agt019,65,69,1
2024-01-08 16:20:00,W2,A18,S28,P131,T44789,63,293,24.67,47.3,O4465,8,403,R010,Agt028,107,40,0
2024-01-08 16:30:00,W2,A14,S10,P100,T40421,23,247,23.53,36.96,O8901,38,174,R035,Agt093,66,116,1
2024-01-08 16:40:00,W3,A10,S27,P155,T71226,140,198,22.81,57.37,O1633,16,143,R039,Agt039,64,53,0
2024-01-08 16:50:00,W2,A05,S28,P105,T49901,124,173,23.86,62.66,O3628,41,57,R028,Agt015,11,93,0
2024-01-08 17:00:00,W1,A17,S13,P187,T71326,5,168,22.98,44.97,O9217,32,82,R046,Agt017,19,37,1
2024-01-08 17:10:00,W1,A18,S08,P119,T46101,21,266,18.86,69.99,O8494,36,432,R009,Agt044,64,73,1
2024-01-08 17:20:00,W1,A08,S01,P151,T32869,108,196,27.02,36.75,O4199,46,432,R030,Agt084,44,103,0
2024-01-08 17:30:00,W1,A05,S06,P125,T70833,169,166,25.2,56.89,O6832,7,463,R044,Agt054,78,14,0
2024-01-08 17:40:00,W1,A19,S10,P110,T96269,191,235,25.14,68.65,O4965,33,88,R032,Agt053,111,36,0
2024-01-08 17:50:00,W1,A11,S15,P105,T63173,113,205,24.7,49.35,O8114,24,240,R035,Agt003,59,45,0
2024-01-08 18:00:00,W1,A20,S05,P133,T11295,8,163,23.54,55.81,O2524,2,113,R033,Agt057,115,16,1
2024-01-08 18:10:00,W1,A16,S29,P188,T59820,5,249,22.26,37.31,O9217,10,351,R031,Agt035,81,112,1
2024-01-08 18:20:00,W1,A06,S10,P139,T17422,50,162,26.99,50.38,O6794,34,324,R042,Agt002,86,17,0
2024-01-08 18:30:00,W3,A17,S11,P186,T79901,56,263,27.59,36.26,O4532,1,414,R005,Agt022,112,101,1
2024-01-08 18:40:00,W1,A18,S17,P130,T97141,55,253,23.54,48.97,O8204,45,187,R021,Agt006,4,48,0
2024-01-08 18:50:00,W3,A19,S14,P164,T58056,195,181,26.84,46.61,O5655,24,329,R030,Agt035,104,114,0
2024-01-08 19:00:00,W2,A16,S20,P101,T52051,140,223,25.38,39.97,O8327,8,22,R011,Agt076,91,36,0
2024-01-08 19:10:00,W2,A07,S19,P193,T68034,54,205,18.52,67.35,O9273,34,435,R044,Agt074,8,85,1
2024-01-08 19:20:00,W1,A14,S08,P105,T81811,162,262,27.66,65.31,O3842,5,175,R021,Agt052,100,60,0
2024-01-08 19:30:00,W2,A02,S29,P145,T56860,124,294,25.05,55.27,O9769,1,375,R007,Agt039,77,90,0
2024-01-08 19:40:00,W1,A02,S05,P189,T24063,14,233,19.06,59.79,O9590,30,165,R049,Agt034,88,111,1
2024-01-08 19:50:00,W3,A04,S04,P186,T55571,137,279,23.88,39.69,O2184,27,114,R045,Agt042,46,90,0
2024-01-08 20:00:00,W3,A08,S18,P124,T89273,43,240,25.83,46.99,O1407,23,456,R014,Agt035,107,15,0
2024-01-08 20:10:00,W3,A13,S07,P126,T34631,56,158,21.59,61.7,O1780,23,423,R019,Agt085,22,115,1
2024-01-08 20:20:00,W2,A19,S26,P167,T86558,34,249,18.14,59.88,O4132,22,150,R019,Agt082,76,92,1
2024-01-08 20:30:00,W2,A04,S17,P108,T75674,39,229,22.82,39.61,O9589,10,449,R032,Agt038,80,47,1
2024-01-08 20:40:00,W3,A16,S13,P184,T94575,179,252,23.47,44.5,O6833,8,118,R031,Agt050,76,64,0
2024-01-08 20:50:00,W2,A06,S16,P194,T15255,149,225,20.67,38.85,O9057,6,139,R022,Agt055,49,64,0
2024-01-08 21:00:00,W2,A09,S05,P191,T31999,5,150,21.73,49.68,O9445,8,351,R043,Agt036,55,73,1
2024-01-08 21:10:00,W3,A04,S02,P169,T54556,37,294,19.55,68.15,O9543,42,211,R022,Agt070,59,66,1
2024-01-08 21:20:00,W1,A02,S20,P139,T21127,145,288,20.13,35.77,O9783,21,389,R004,Agt037,5,77,0
2024-01-08 21:30:00,W2,A09,S12,P196,T35179,114,191,27.01,47.36,O5204,1,358,R005,Agt071,1,39,0
2024-01-08 21:40:00,W2,A08,S09,P198,T89485,82,281,23.4,66.94,O8034,22,462,R008,Agt071,39,97,1
2024-01-08 21:50:00,W2,A11,S20,P123,T88588,101,278,18.58,69.7,O4329,8,97,R004,Agt050,46,15,0
2024-01-08 22:00:00,W2,A05,S02,P105,T57173,102,178,24.07,62.45,O2103,19,378,R032,Agt002,42,111,1
2024-01-08 22:10:00,W3,A19,S29,P127,T26313,158,165,25.01,43.27,O6612,45,75,R049,Agt084,50,102,0
2024-01-08 22:20:00,W3,A20,S16,P100,T30726,43,264,24.1,54.61,O9785,3,97,R002,Agt058,57,14,0
2024-01-08 22:30:00,W3,A04,S18,P124,T73502,63,233,26.52,51.56,O9879,6,148,R011,Agt086,117,61,0
2024-01-08 22:40:00,W2,A11,S07,P150,T66165,100,198,27.39,56.29,O3114,2,107,R045,Agt044,93,41,0
2024-01-08 22:50:00,W1,A02,S12,P160,T96037,44,216,26.87,35.65,O7880,19,327,R015,Agt099,77,23,0
2024-01-08 23:00:00,W1,A13,S04,P152,T95099,25,234,19.93,40.83,O9622,16,185,R024,Agt090,51,30,1
2024-01-08 23:10:00,W1,A16,S30,P146,T96960,99,291,27.32,48.92,O3500,36,67,R042,Agt084,99,54,0
2024-01-08 23:20:00,W2,A11,S09,P132,T61032,167,286,20.54,43.36,O4375,41,77,R003,Agt033,76,47,0
2024-01-08 23:30:00,W2,A19,S04,P189,T27527,71,180,19.47,35.44,O1448,44,427,R002,Agt022,5,57,0
2024-01-08 23:40:00,W1,A02,S03,P163,T30157,114,285,27.43,48.07,O8333,19,389,R026,Agt084,8,39,0
2024-01-08 23:50:00,W2,A03,S27,P149,T38117,100,209,21.3,55.21,O4835,23,318,R005,Agt004,69,101,1
2024-01-09 00:00:00,W1,A06,S30,P132,T96158,6,194,20.88,58.53,O4954,49,200,R003,Agt032,53,119,1
2024-01-09 00:10:00,W1,A19,S21,P103,T86134,100,299,26.72,40.81,O3333,45,167,R030,Agt070,9,90,0
2024-01-09 00:20:00,W1,A07,S14,P101,T62005,17,258,26.08,51.12,O1434,17,201,R030,Agt084,45,82,1
2024-01-09 00:30:00,W2,A17,S23,P112,T52264,104,233,20.46,53.31,O4777,42,182,R038,Agt020,107,24,0
2024-01-09 00:40:00,W1,A16,S15,P167,T98202,93,279,23.73,36.4,O6708,27,101,R047,Agt067,52,106,1
2024-01-09 00:50:00,W1,A08,S28,P183,T40641,71,253,18.83,39.6,O6270,8,116,R017,Agt054,36,65,0
2024-01-09 01:00:00,W1,A11,S01,P113,T61198,77,217,18.57,51.4,O1839,40,142,R035,Agt040,10,72,0
2024-01-09 01:10:00,W3,A19,S14,P171,T78744,11,163,22.05,57.72,O8916,25,253,R032,Agt080,48,114,1
2024-01-09 01:20:00,W3,A09,S10,P136,T19361,133,198,26.16,62.57,O8345,42,374,R028,Agt024,110,106,0
2024-01-09 01:30:00,W3,A16,S03,P173,T26473,179,268,19.26,39.5,O5818,41,418,R046,Agt066,91,29,0
2024-01-09 01:40:00,W3,A17,S28,P181,T27382,117,292,19.82,50.95,O2287,40,392,R048,Agt060,39,47,0
2024-01-09 01:50:00,W2,A15,S28,P144,T94998,114,187,26.27,60.35,O1944,16,366,R023,Agt052,2,116,1
2024-01-09 02:00:00,W2,A20,S30,P176,T21307,182,262,20.36,51.98,O1529,41,179,R009,Agt010,34,16,0
2024-01-09 02:10:00,W2,A16,S12,P135,T30730,190,211,22.74,42.39,O8469,45,344,R010,Agt091,39,70,0
2024-01-09 02:20:00,W2,A12,S13,P100,T10423,121,219,26.78,40.53,O3067,30,201,R018,Agt069,84,78,0
2024-01-09 02:30:00,W1,A14,S09,P193,T51015,175,227,21.68,66.5,O8502,26,332,R043,Agt004,8,27,0
2024-01-09 02:40:00,W2,A07,S17,P100,T89896,154,168,24.25,43.79,O6955,34,371,R020,Agt044,39,63,0
2024-01-09 02:50:00,W2,A16,S03,P152,T49742,89,294,18.11,42.81,O9712,4,273,R049,Agt096,27,38,0
2024-01-09 03:00:00,W1,A18,S28,P116,T85917,35,185,27.6,64.28,O4448,48,346,R016,Agt016,71,86,1
2024-01-09 03:10:00,W1,A14,S10,P142,T36170,65,200,21.99,65.76,O2793,16,321,R031,Agt056,105,88,1
2024-01-09 03:20:00,W3,A04,S03,P159,T83785,45,232,20.38,57.89,O9545,30,417,R037,Agt007,24,75,1
2024-01-09 03:30:00,W2,A09,S15,P126,T30071,143,274,27.92,49.67,O4699,5,347,R049,Agt049,38,20,0
2024-01-09 03:40:00,W3,A03,S13,P139,T87455,82,253,21.79,60.98,O4833,42,278,R025,Agt047,31,77,0
2024-01-09 03:50:00,W1,A16,S26,P195,T42313,53,236,26.92,37.65,O3167,4,255,R031,Agt057,66,25,0
2024-01-09 04:00:00,W2,A05,S10,P187,T32637,196,257,25.38,47.88,O5864,22,287,R045,Agt013,74,52,0
2024-01-09 04:10:00,W1,A12,S13,P189,T54969,114,151,22.16,40.48,O1964,27,97,R019,Agt041,113,86,0
2024-01-09 04:20:00,W1,A20,S10,P156,T43919,55,245,20.79,67.45,O3626,7,41,R004,Agt096,94,58,1
2024-01-09 04:30:00,W1,A11,S21,P198,T94725,35,267,18.94,35.9,O9550,2,239,R009,Agt094,100,66,1
2024-01-09 04:40:00,W2,A01,S12,P133,T24744,42,193,20.22,64.87,O1775,29,189,R008,Agt066,97,118,1
2024-01-09 04:50:00,W2,A10,S12,P154,T82406,71,264,19.43,51.72,O9425,46,198,R049,Agt096,111,28,0
2024-01-09 05:00:00,W1,A02,S19,P173,T90479,108,241,22.18,45.45,O7091,49,110,R020,Agt062,34,102,0
2024-01-09 05:10:00,W2,A04,S26,P175,T14482,40,196,25.98,68.99,O1527,23,489,R045,Agt040,106,115,1
2024-01-09 05:20:00,W3,A11,S14,P140,T25046,72,270,20.14,47.06,O8212,10,394,R037,Agt052,96,44,0
2024-01-09 05:30:00,W3,A05,S23,P141,T52291,181,196,20.66,44.3,O4189,46,45,R016,Agt012,103,36,0
2024-01-09 05:40:00,W2,A16,S25,P143,T38233,105,246,19.71,36.31,O8427,1,234,R003,Agt057,87,75,0
2024-01-09 05:50:00,W1,A18,S14,P163,T92235,168,259,26.97,65.39,O3939,5,258,R015,Agt086,83,79,0
2024-01-09 06:00:00,W2,A02,S29,P144,T94046,119,205,18.14,36.33,O6017,4,362,R014,Agt042,76,64,0
2024-01-09 06:10:00,W2,A07,S22,P150,T90146,125,290,21.79,56.24,O6180,8,350,R025,Agt066,52,61,0
2024-01-09 06:20:00,W2,A05,S22,P166,T10039,175,213,23.02,61.85,O1429,22,449,R042,Agt010,29,50,0
2024-01-09 06:30:00,W3,A14,S25,P152,T43988,157,225,20.51,62.57,O9889,21,185,R025,Agt090,57,100,0
2024-01-09 06:40:00,W3,A03,S27,P130,T82383,54,298,25.54,35.54,O9366,39,239,R010,Agt011,117,116,1
2024-01-09 06:50:00,W3,A13,S10,P192,T86121,157,187,21.33,63.22,O6202,24,132,R030,Agt065,101,90,0
2024-01-09 07:00:00,W1,A10,S10,P186,T45078,139,217,20.03,67.36,O3406,40,237,R031,Agt086,65,15,0
2024-01-09 07:10:00,W2,A15,S22,P100,T69289,100,288,20.1,49.29,O8275,7,339,R013,Agt020,10,64,0
2024-01-09 07:20:00,W1,A18,S13,P164,T82513,23,198,18.82,68.49,O6522,4,26,R019,Agt074,9,80,1
2024-01-09 07:30:00,W2,A12,S25,P135,T89760,156,293,23.68,69.47,O7820,45,32,R005,Agt038,76,25,0
2024-01-09 07:40:00,W2,A01,S01,P111,T74502,125,249,25.59,58.81,O1032,49,351,R020,Agt008,11,34,0
2024-01-09 07:50:00,W3,A19,S29,P167,T83218,172,231,23.42,55.45,O4304,5,498,R025,Agt029,12,89,0
2024-01-09 08:00:00,W1,A10,S10,P157,T86255,58,236,18.18,61.97,O1595,9,479,R024,Agt072,15,64,1
2024-01-09 08:10:00,W1,A09,S17,P178,T67870,132,261,26.41,50.99,O7594,38,40,R033,Agt040,114,51,0
2024-01-09 08:20:00,W1,A04,S12,P117,T45536,170,282,25.89,36.63,O4718,16,346,R011,Agt077,13,10,0
2024-01-09 08:30:00,W1,A12,S24,P164,T67294,158,234,23.83,60.07,O9220,2,185,R011,Agt021,117,90,0
2024-01-09 08:40:00,W3,A18,S13,P112,T82515,72,151,26.44,59.65,O8277,9,367,R042,Agt068,94,85,1
2024-01-09 08:50:00,W3,A11,S23,P115,T38284,120,288,23.77,52.92,O2572,9,34,R009,Agt084,52,47,0
2024-01-09 09:00:00,W2,A19,S01,P169,T94110,19,275,20.73,51.41,O4433,44,341,R006,Agt019,90,59,1
2024-01-09 09:10:00,W1,A13,S22,P134,T35754,134,211,20.72,50.69,O5261,12,56,R023,Agt096,19,37,0
2024-01-09 09:20:00,W3,A12,S24,P144,T50942,184,173,23.36,42.43,O2306,33,393,R010,Agt033,18,107,0
2024-01-09 09:30:00,W2,A07,S04,P130,T91662,186,297,25.37,53.2,O7269,43,120,R001,Agt042,8,29,0
2024-01-09 09:40:00,W2,A03,S22,P100,T57527,152,154,26.91,61.07,O3422,44,480,R025,Agt057,3,55,0
2024-01-09 09:50:00,W1,A07,S06,P141,T50551,175,166,26.5,66.25,O6343,6,312,R046,Agt096,58,75,0
2024-01-09 10:00:00,W2,A08,S04,P158,T51315,55,276,27.56,59.66,O8664,8,420,R030,Agt098,7,111,1
2024-01-09 10:10:00,W2,A09,S07,P198,T60057,99,168,24.73,65.8,O8116,30,423,R005,Agt025,55,22,0
2024-01-09 10:20:00,W1,A04,S11,P139,T93211,67,153,18.5,36.68,O8006,44,20,R006,Agt013,101,50,0
2024-01-09 10:30:00,W3,A12,S22,P139,T74583,173,299,25.79,46.17,O5378,20,480,R004,Agt047,6,99,0
2024-01-09 10:40:00,W3,A12,S21,P103,T85752,53,231,19.98,39.41,O1122,21,35,R007,Agt083,14,45,0
2024-01-09 10:50:00,W1,A17,S11,P173,T74124,70,208,18.39,60.77,O5651,21,332,R043,Agt019,48,33,0
2024-01-09 11:00:00,W2,A07,S15,P160,T53107,57,288,21.62,49.53,O4651,19,417,R027,Agt027,69,48,0
2024-01-09 11:10:00,W1,A04,S29,P130,T60594,165,210,22.62,44.55,O6715,16,52,R031,Agt097,9,29,0
2024-01-09 11:20:00,W2,A05,S21,P185,T57454,103,215,20.3,53.09,O2046,23,34,R020,Agt059,77,88,0
2024-01-09 11:30:00,W2,A17,S03,P190,T80697,185,193,27.24,56.06,O9309,25,129,R048,Agt079,34,10,0
2024-01-09 11:40:00,W3,A06,S19,P102,T54703,37,152,23.36,68.77,O6201,26,261,R002,Agt057,3,19,0
2024-01-09 11:50:00,W1,A09,S25,P115,T54306,189,210,26.01,44.45,O3602,41,349,R034,Agt002,106,119,0
2024-01-09 12:00:00,W2,A05,S21,P108,T22991,48,270,21.57,68.51,O4896,1,304,R018,Agt008,38,103,1
2024-01-09 12:10:00,W3,A04,S01,P106,T89311,57,196,26.07,62.51,O9039,33,296,R020,Agt064,91,64,1
2024-01-09 12:20:00,W1,A07,S23,P196,T81376,54,273,22.05,68.0,O5350,40,161,R002,Agt081,74,92,1
2024-01-09 12:30:00,W3,A12,S07,P162,T98971,144,254,22.72,51.67,O1013,11,149,R028,Agt051,108,95,0
2024-01-09 12:40:00,W2,A05,S09,P117,T72202,115,164,20.9,56.29,O8934,2,402,R002,Agt051,63,57,0
2024-01-09 12:50:00,W2,A17,S11,P107,T11385,131,174,18.34,65.97,O2558,46,204,R035,Agt095,43,104,0
2024-01-09 13:00:00,W2,A17,S03,P125,T86019,97,240,24.51,40.22,O8946,38,332,R009,Agt018,89,110,1
2024-01-09 13:10:00,W1,A20,S03,P123,T53017,53,237,20.22,37.74,O5710,19,20,R001,Agt032,55,109,1
2024-01-09 13:20:00,W2,A19,S24,P197,T45076,143,293,23.78,58.3,O9355,47,140,R037,Agt092,9,33,0
2024-01-09 13:30:00,W2,A10,S25,P133,T77647,183,174,21.14,64.13,O1659,11,33,R021,Agt077,65,45,0
2024-01-09 13:40:00,W1,A01,S16,P129,T73793,86,177,27.72,65.95,O7822,8,175,R048,Agt046,45,37,0
2024-01-09 13:50:00,W3,A05,S23,P164,T49140,13,264,21.22,59.11,O1692,19,178,R009,Agt022,10,44,1
2024-01-09 14:00:00,W2,A08,S16,P109,T39739,148,199,22.39,39.26,O5032,17,479,R010,Agt059,51,71,0
2024-01-09 14:10:00,W2,A20,S27,P153,T15231,63,272,27.88,39.49,O9678,8,422,R030,Agt097,108,99,1
2024-01-09 14:20:00,W2,A18,S02,P118,T48129,107,225,18.78,40.82,O5353,7,353,R021,Agt097,86,91,0
2024-01-09 14:30:00,W1,A13,S20,P137,T47059,120,287,25.66,52.05,O5906,23,106,R027,Agt039,92,13,0
2024-01-09 14:40:00,W3,A05,S27,P152,T55896,148,257,19.1,69.08,O9260,38,495,R024,Agt075,13,52,0
2024-01-09 14:50:00,W1,A06,S13,P194,T65664,37,239,24.68,67.53,O6024,39,441,R031,Agt046,92,40,1
2024-01-09 15:00:00,W2,A11,S14,P159,T56533,73,277,24.3,35.92,O7587,7,342,R004,Agt036,13,82,1
2024-01-09 15:10:00,W2,A12,S04,P172,T57547,197,211,20.46,67.57,O1302,24,140,R006,Agt075,84,105,0
2024-01-09 15:20:00,W3,A20,S19,P105,T27036,164,290,24.37,43.0,O6037,26,496,R037,Agt029,71,60,0
2024-01-09 15:30:00,W1,A20,S13,P117,T33902,194,152,27.58,46.72,O5602,32,210,R043,Agt072,1,112,0
2024-01-09 15:40:00,W2,A01,S25,P156,T90651,62,298,27.58,64.36,O3845,2,60,R039,Agt067,59,42,0
2024-01-09 15:50:00,W3,A06,S08,P144,T20722,118,209,19.38,55.37,O7058,40,172,R013,Agt065,56,105,0
2024-01-09 16:00:00,W3,A06,S04,P193,T50194,170,214,23.11,38.17,O4095,40,238,R037,Agt091,66,16,0
2024-01-09 16:10:00,W2,A16,S17,P124,T25672,140,232,18.02,61.59,O1253,34,205,R038,Agt083,94,70,0
2024-01-09 16:20:00,W3,A13,S11,P119,T80492,109,265,25.33,54.2,O6964,31,424,R028,Agt001,103,113,1
2024-01-09 16:30:00,W2,A05,S28,P167,T91163,6,286,20.1,37.55,O1541,31,354,R041,Agt069,1,41,1
2024-01-09 16:40:00,W2,A04,S29,P131,T15153,129,287,22.38,55.55,O1145,12,350,R024,Agt056,94,29,0
2024-01-09 16:50:00,W3,A17,S05,P156,T48459,142,261,21.89,36.92,O3565,31,260,R003,Agt066,116,33,0
2024-01-09 17:00:00,W2,A17,S17,P174,T72247,18,202,18.73,67.95,O5739,10,211,R027,Agt007,37,71,1
2024-01-09 17:10:00,W3,A13,S08,P119,T84429,42,184,20.51,69.78,O6781,48,254,R016,Agt050,78,60,1
2024-01-09 17:20:00,W3,A03,S11,P187,T18970,60,153,19.4,56.8,O1518,38,166,R042,Agt063,62,31,0
2024-01-09 17:30:00,W3,A05,S08,P108,T90380,8,199,20.97,62.43,O6479,42,123,R031,Agt031,22,85,1
2024-01-09 17:40:00,W2,A06,S27,P185,T78185,122,187,25.07,40.09,O7056,27,145,R004,Agt004,6,60,0
2024-01-09 17:50:00,W2,A13,S23,P107,T12738,32,166,18.32,65.26,O7156,3,429,R026,Agt026,47,36,1
2024-01-09 18:00:00,W3,A18,S23,P159,T48669,170,296,22.5,59.29,O9221,45,322,R010,Agt019,59,69,0
2024-01-09 18:10:00,W2,A12,S24,P108,T12840,103,238,18.79,48.3,O5298,7,371,R048,Agt067,53,86,0
2024-01-09 18:20:00,W2,A06,S22,P117,T70431,164,154,25.37,58.75,O8047,18,372,R020,Agt060,48,84,0
2024-01-09 18:30:00,W2,A05,S24,P133,T61355,41,289,26.04,36.23,O8529,29,454,R004,Agt069,41,75,1
2024-01-09 18:40:00,W2,A20,S23,P106,T12386,93,185,20.89,61.77,O7416,40,445,R019,Agt087,6,30,0
2024-01-09 18:50:00,W2,A10,S28,P101,T51164,68,250,25.12,61.18,O5260,33,100,R025,Agt019,59,45,0
2024-01-09 19:00:00,W3,A06,S10,P103,T29169,167,193,26.5,64.55,O3677,38,317,R008,Agt071,73,20,0
2024-01-09 19:10:00,W3,A09,S19,P123,T79650,142,236,25.94,50.34,O1510,46,21,R025,Agt006,65,63,0
2024-01-09 19:20:00,W1,A08,S18,P195,T18743,52,294,27.56,68.74,O9519,20,71,R040,Agt036,98,50,0
2024-01-09 19:30:00,W1,A10,S18,P135,T14936,187,180,27.14,45.55,O8127,8,403,R029,Agt044,108,105,0
2024-01-09 19:40:00,W2,A13,S05,P144,T91740,5,190,23.61,59.11,O5244,13,42,R017,Agt033,69,90,1
2024-01-09 19:50:00,W3,A02,S19,P196,T38443,65,229,20.78,56.91,O2100,3,71,R036,Agt099,50,102,1
2024-01-09 20:00:00,W3,A15,S04,P102,T62651,67,168,27.63,35.35,O1938,7,21,R011,Agt017,29,89,1
2024-01-09 20:10:00,W2,A07,S18,P196,T49695,88,219,26.22,47.87,O6477,43,99,R040,Agt092,39,104,1
2024-01-09 20:20:00,W2,A10,S12,P148,T33746,177,285,19.63,57.83,O8944,40,424,R049,Agt037,114,19,0
2024-01-09 20:30:00,W3,A14,S10,P146,T81074,184,211,27.89,36.17,O5408,17,170,R018,Agt064,101,35,0
2024-01-09 20:40:00,W1,A09,S20,P103,T78590,28,291,23.92,59.72,O5303,47,225,R018,Agt017,20,45,1
2024-01-09 20:50:00,W2,A08,S04,P122,T57523,64,232,24.07,51.42,O1490,9,320,R026,Agt095,97,43,0
2024-01-09 21:00:00,W3,A07,S12,P119,T82530,54,266,19.65,45.6,O2200,21,306,R023,Agt008,23,44,0
2024-01-09 21:10:00,W2,A08,S15,P176,T81075,71,176,21.59,54.08,O7855,16,240,R019,Agt014,47,115,1
2024-01-09 21:20:00,W2,A13,S22,P197,T32813,28,274,25.64,68.5,O1841,8,366,R037,Agt074,99,35,1
2024-01-09 21:30:00,W2,A10,S26,P196,T64202,162,274,20.85,68.97,O7854,45,34,R029,Agt052,49,58,0
2024-01-09 21:40:00,W1,A16,S29,P193,T60376,89,246,24.38,52.47,O9245,7,388,R015,Agt067,11,55,0
2024-01-09 21:50:00,W3,A19,S27,P104,T75238,179,195,25.63,46.44,O8266,40,458,R020,Agt011,22,114,0
2024-01-09 22:00:00,W1,A05,S04,P139,T62884,31,290,19.66,41.92,O7297,10,253,R007,Agt002,88,14,0
2024-01-09 22:10:00,W2,A14,S26,P122,T30891,188,226,26.57,63.76,O4070,49,186,R002,Agt006,36,83,0
2024-01-09 22:20:00,W2,A19,S25,P145,T26907,49,224,25.5,42.84,O6163,39,103,R022,Agt091,30,53,1
2024-01-09 22:30:00,W2,A04,S30,P190,T76054,70,275,21.23,48.49,O3713,34,235,R021,Agt075,115,47,0
2024-01-09 22:40:00,W1,A06,S13,P140,T30361,105,171,27.51,52.21,O4130,46,374,R002,Agt094,82,100,0
2024-01-09 22:50:00,W3,A09,S24,P178,T16826,82,215,26.09,38.03,O3950,45,327,R016,Agt082,80,14,0
2024-01-09 23:00:00,W2,A13,S24,P136,T40633,38,212,22.43,43.76,O3538,27,254,R017,Agt051,61,46,1
2024-01-09 23:10:00,W3,A03,S17,P191,T54884,7,168,26.36,68.7,O8023,15,178,R049,Agt093,42,37,1
2024-01-09 23:20:00,W1,A04,S08,P157,T81569,172,237,27.45,37.58,O8638,42,225,R040,Agt074,99,77,0
2024-01-09 23:30:00,W3,A15,S28,P116,T59203,198,272,19.34,44.65,O1415,22,397,R040,Agt029,78,97,0
2024-01-09 23:40:00,W1,A03,S13,P152,T91746,158,294,25.59,63.23,O7288,11,486,R034,Agt080,16,77,0
2024-01-09 23:50:00,W1,A09,S04,P106,T25377,109,293,20.84,47.07,O8228,41,110,R034,Agt079,2,116,1
2024-01-10 00:00:00,W3,A04,S02,P169,T51086,163,250,20.77,64.26,O4680,14,432,R022,Agt085,75,61,0
2024-01-10 00:10:00,W3,A02,S22,P100,T50105,193,236,20.04,39.98,O7246,43,29,R033,Agt052,28,82,0
2024-01-10 00:20:00,W3,A20,S14,P189,T17461,139,238,21.03,61.23,O1909,1,291,R032,Agt027,93,31,0
2024-01-10 00:30:00,W1,A08,S13,P161,T94991,44,191,25.28,46.96,O6820,46,358,R035,Agt078,107,117,1
2024-01-10 00:40:00,W3,A17,S14,P169,T62770,50,160,26.2,50.45,O5554,15,132,R027,Agt097,4,19,0
2024-01-10 00:50:00,W1,A04,S12,P104,T68291,60,264,26.3,54.89,O9934,13,222,R043,Agt063,98,64,1
2024-01-10 01:00:00,W1,A07,S18,P114,T77345,16,169,25.31,43.37,O5257,45,93,R032,Agt080,34,68,1
2024-01-10 01:10:00,W3,A18,S30,P125,T11036,150,233,25.67,45.26,O1596,11,371,R035,Agt037,13,105,0
2024-01-10 01:20:00,W2,A09,S13,P142,T55571,164,291,24.65,45.85,O3218,42,138,R038,Agt002,11,68,0
2024-01-10 01:30:00,W3,A08,S20,P113,T12758,150,183,22.7,51.99,O8963,20,404,R012,Agt009,6,111,0
2024-01-10 01:40:00,W2,A16,S18,P151,T80470,179,212,20.09,53.69,O7275,1,79,R025,Agt088,93,94,0
2024-01-10 01:50:00,W1,A16,S07,P196,T31911,153,228,27.31,41.98,O4691,49,425,R024,Agt069,30,47,0
2024-01-10 02:00:00,W1,A18,S16,P143,T82092,54,185,22.97,55.11,O7894,35,306,R021,Agt094,26,31,0
2024-01-10 02:10:00,W1,A06,S09,P180,T40741,44,273,19.09,54.15,O8186,19,173,R039,Agt049,58,115,1
2024-01-10 02:20:00,W3,A05,S17,P199,T77362,186,210,27.51,66.07,O8024,24,87,R014,Agt075,85,111,0
2024-01-10 02:30:00,W3,A04,S03,P145,T11351,159,166,20.07,61.73,O7676,49,447,R033,Agt015,39,69,0
2024-01-10 02:40:00,W1,A04,S01,P124,T27775,103,297,22.87,37.3,O5493,32,26,R049,Agt013,54,51,0
2024-01-10 02:50:00,W3,A18,S19,P123,T61364,106,297,21.14,39.1,O7978,25,412,R049,Agt019,14,97,0
2024-01-10 03:00:00,W2,A19,S04,P170,T86938,8,197,23.9,66.45,O1203,43,169,R049,Agt023,115,28,1
2024-01-10 03:10:00,W3,A19,S05,P146,T81050,118,186,24.78,64.47,O4210,24,98,R040,Agt078,107,78,0
2024-01-10 03:20:00,W1,A11,S25,P110,T72563,139,183,22.89,52.14,O5055,33,364,R027,Agt010,54,44,0
2024-01-10 03:30:00,W1,A02,S18,P125,T31594,45,229,26.54,64.18,O4331,7,366,R007,Agt094,7,58,1
2024-01-10 03:40:00,W1,A19,S26,P174,T21585,195,293,18.88,45.45,O1409,14,128,R005,Agt001,72,109,0
2024-01-10 03:50:00,W2,A06,S17,P143,T89644,174,170,18.64,36.68,O5479,5,422,R019,Agt056,64,39,0
2024-01-10 04:00:00,W1,A09,S03,P122,T65889,16,181,22.48,61.3,O9254,47,103,R006,Agt021,6,113,1
2024-01-10 04:10:00,W3,A06,S09,P152,T72793,34,235,25.99,69.92,O4872,22,280,R031,Agt082,1,98,1
2024-01-10 04:20:00,W3,A15,S17,P178,T52583,80,182,21.05,60.06,O1448,33,226,R044,Agt051,24,96,1
2024-01-10 04:30:00,W1,A13,S13,P118,T42754,123,276,21.62,66.07,O4128,45,408,R040,Agt052,71,40,0
2024-01-10 04:40:00,W1,A13,S11,P104,T29614,11,282,18.99,38.63,O2233,2,149,R021,Agt014,97,71,1
2024-01-10 04:50:00,W3,A05,S06,P154,T21227,105,177,24.04,44.43,O2765,34,279,R036,Agt022,88,39,0
2024-01-10 05:00:00,W3,A18,S15,P166,T35700,170,235,23.77,61.31,O6249,8,280,R049,Agt017,44,91,0
2024-01-10 05:10:00,W1,A17,S17,P169,T91686,143,190,23.71,47.87,O8744,23,122,R015,Agt074,15,77,0
2024-01-10 05:20:00,W3,A04,S28,P143,T79248,107,250,25.31,51.58,O8981,4,281,R047,Agt002,32,93,0
2024-01-10 05:30:00,W2,A09,S18,P160,T35329,67,200,24.2,42.92,O1923,40,38,R019,Agt088,1,74,1
2024-01-10 05:40:00,W3,A16,S23,P162,T25179,98,150,22.79,42.43,O3855,46,124,R044,Agt064,72,104,1
2024-01-10 05:50:00,W1,A18,S02,P131,T89219,183,236,25.34,54.63,O3066,19,484,R027,Agt043,81,75,0
2024-01-10 06:00:00,W2,A05,S13,P172,T60279,170,191,24.93,63.61,O1078,23,194,R031,Agt017,100,76,0
2024-01-10 06:10:00,W3,A16,S01,P184,T62258,187,296,24.67,69.54,O8433,23,394,R027,Agt056,39,53,0
2024-01-10 06:20:00,W1,A05,S10,P139,T13280,131,234,26.47,36.26,O5240,43,83,R015,Agt041,15,79,0
2024-01-10 06:30:00,W1,A15,S24,P119,T45451,52,198,19.66,49.33,O2433,15,236,R028,Agt034,105,81,1
2024-01-10 06:40:00,W3,A04,S02,P195,T54567,187,168,23.45,65.7,O2980,24,456,R042,Agt020,57,90,0
2024-01-10 06:50:00,W3,A01,S30,P169,T10316,154,283,22.42,42.92,O4432,39,125,R020,Agt076,113,61,0
2024-01-10 07:00:00,W2,A13,S29,P153,T74342,51,209,25.24,44.85,O7785,4,307,R040,Agt094,58,119,1
2024-01-10 07:10:00,W1,A14,S09,P104,T32364,110,224,19.99,55.61,O6696,37,132,R037,Agt030,111,17,0
2024-01-10 07:20:00,W1,A04,S19,P111,T63557,193,156,26.52,64.25,O5049,13,178,R027,Agt050,30,42,0
2024-01-10 07:30:00,W1,A05,S10,P107,T65270,38,276,24.02,65.77,O3129,24,29,R040,Agt049,16,118,1
2024-01-10 07:40:00,W2,A17,S13,P120,T69357,151,243,23.39,57.24,O6978,24,466,R010,Agt097,1,52,0
2024-01-10 07:50:00,W1,A17,S06,P124,T19581,33,186,26.07,47.77,O3118,12,68,R026,Agt050,112,89,1
2024-01-10 08:00:00,W2,A03,S19,P135,T18929,8,234,23.81,52.96,O8142,39,399,R043,Agt047,63,110,1
2024-01-10 08:10:00,W1,A01,S28,P105,T66087,177,275,21.64,44.96,O7761,46,322,R029,Agt006,47,55,0
2024-01-10 08:20:00,W2,A13,S23,P123,T31571,25,219,18.57,65.82,O7946,41,221,R019,Agt071,117,71,1
2024-01-10 08:30:00,W2,A11,S09,P164,T55668,118,197,19.86,52.14,O3166,12,408,R019,Agt033,75,63,0
2024-01-10 08:40:00,W3,A07,S11,P141,T99221,67,225,26.29,35.54,O7138,15,231,R006,Agt090,46,80,1
2024-01-10 08:50:00,W3,A16,S23,P116,T45209,39,150,25.74,35.88,O2746,45,150,R019,Agt027,105,30,0
2024-01-10 09:00:00,W1,A08,S08,P140,T97293,161,296,19.66,40.78,O5288,46,345,R027,Agt064,17,118,0
2024-01-10 09:10:00,W3,A06,S14,P155,T57390,18,162,25.77,55.86,O6831,27,495,R043,Agt097,29,57,1
2024-01-10 09:20:00,W3,A15,S24,P120,T56614,77,207,26.57,36.87,O4629,6,226,R041,Agt041,117,26,0
2024-01-10 09:30:00,W2,A04,S19,P175,T64420,183,267,19.48,48.94,O5115,38,376,R037,Agt062,10,112,0
2024-01-10 09:40:00,W3,A13,S30,P156,T94024,60,189,27.36,59.39,O6763,48,268,R014,Agt078,106,119,1
2024-01-10 09:50:00,W2,A04,S04,P197,T35406,146,287,19.65,55.43,O4171,36,392,R028,Agt037,29,53,0
2024-01-10 10:00:00,W2,A02,S08,P118,T81141,26,255,20.91,56.88,O7143,35,278,R004,Agt027,58,57,1
2024-01-10 10:10:00,W3,A01,S25,P184,T11698,96,266,23.3,66.2,O7885,26,119,R036,Agt024,34,77,0
2024-01-10 10:20:00,W2,A16,S14,P161,T81190,62,213,23.99,43.62,O4812,10,442,R012,Agt066,18,15,0
2024-01-10 10:30:00,W1,A16,S08,P131,T95542,192,260,26.7,63.46,O7905,1,313,R036,Agt033,115,20,0
2024-01-10 10:40:00,W3,A07,S14,P190,T99645,81,231,26.83,47.07,O6413,7,111,R030,Agt033,82,85,1
2024-01-10 10:50:00,W3,A17,S01,P148,T65791,93,205,25.42,47.74,O2919,2,357,R003,Agt021,22,76,0
2024-01-10 11:00:00,W2,A10,S10,P103,T22060,157,151,24.4,52.36,O2546,18,213,R011,Agt057,84,28,0
2024-01-10 11:10:00,W1,A14,S15,P145,T98335,38,203,19.66,57.39,O9588,29,366,R030,Agt019,26,30,0
2024-01-10 11:20:00,W3,A05,S12,P186,T76347,131,199,19.49,56.15,O7573,18,428,R028,Agt021,74,113,0
2024-01-10 11:30:00,W3,A02,S28,P166,T93277,198,232,21.7,66.69,O4481,13,258,R021,Agt071,22,62,0
2024-01-10 11:40:00,W2,A07,S02,P156,T60225,144,289,27.26,58.54,O5484,12,322,R002,Agt007,95,34,0
2024-01-10 11:50:00,W1,A20,S06,P137,T38126,49,290,27.36,62.75,O7184,23,108,R009,Agt009,95,88,1
2024-01-10 12:00:00,W2,A15,S13,P198,T99158,67,276,22.43,47.5,O9955,11,200,R039,Agt095,31,44,0
2024-01-10 12:10:00,W2,A15,S14,P137,T85902,149,188,27.38,47.34,O3920,4,411,R046,Agt084,3,20,0
2024-01-10 12:20:00,W1,A15,S20,P190,T67821,109,239,22.75,64.33,O6426,27,68,R037,Agt050,74,99,0
2024-01-10 12:30:00,W1,A04,S24,P137,T48991,182,284,26.44,69.08,O8855,10,233,R048,Agt017,58,101,0
2024-01-10 12:40:00,W2,A08,S24,P184,T11261,140,177,27.67,47.54,O2932,4,315,R044,Agt001,81,108,0
2024-01-10 12:50:00,W3,A12,S20,P149,T74008,52,245,27.73,47.66,O3911,24,226,R029,Agt023,67,70,1
2024-01-10 13:00:00,W1,A15,S21,P137,T95872,157,180,18.22,60.31,O3406,16,398,R008,Agt003,80,15,0
2024-01-10 13:10:00,W1,A15,S21,P158,T20165,12,204,18.61,38.82,O3148,40,409,R036,Agt044,83,79,1
2024-01-10 13:20:00,W3,A11,S28,P170,T38121,121,209,23.26,44.75,O9487,48,424,R034,Agt021,5,45,0
2024-01-10 13:30:00,W1,A16,S22,P199,T86674,148,231,26.46,61.23,O5013,18,345,R043,Agt073,118,61,0
2024-01-10 13:40:00,W1,A16,S15,P113,T63918,198,263,26.91,52.41,O9579,27,46,R043,Agt057,43,113,0
2024-01-10 13:50:00,W1,A01,S24,P157,T13898,35,247,26.6,67.82,O9513,15,430,R037,Agt092,10,19,0
2024-01-10 14:00:00,W2,A15,S04,P144,T44925,157,279,25.17,51.91,O5582,5,163,R032,Agt028,27,108,0
2024-01-10 14:10:00,W3,A15,S10,P197,T28364,144,217,18.09,44.19,O9478,7,400,R018,Agt042,9,24,0
2024-01-10 14:20:00,W1,A02,S18,P158,T38301,38,251,24.68,67.3,O7907,41,164,R002,Agt088,94,45,1
2024-01-10 14:30:00,W1,A07,S23,P120,T20169,14,201,24.75,46.8,O3226,12,235,R013,Agt093,103,68,1
2024-01-10 14:40:00,W3,A17,S30,P167,T98358,86,236,19.73,52.53,O8529,3,56,R034,Agt061,41,104,1
2024-01-10 14:50:00,W2,A20,S11,P192,T48275,129,259,22.78,60.7,O8645,40,274,R043,Agt056,39,98,0
2024-01-10 15:00:00,W1,A14,S11,P106,T27674,169,213,23.19,56.13,O8554,9,144,R032,Agt086,71,13,0
2024-01-10 15:10:00,W1,A11,S24,P119,T45795,159,295,27.03,49.27,O7810,26,153,R007,Agt053,63,112,0
2024-01-10 15:20:00,W3,A19,S10,P105,T51821,22,271,24.21,59.6,O7067,20,307,R005,Agt022,67,41,1
2024-01-10 15:30:00,W2,A10,S27,P184,T67504,132,212,27.03,43.92,O9405,49,47,R017,Agt063,31,34,0
2024-01-10 15:40:00,W3,A13,S13,P102,T55360,190,156,19.23,51.24,O4755,15,233,R018,Agt030,66,51,0
2024-01-10 15:50:00,W1,A08,S21,P122,T83385,113,217,19.98,41.09,O1410,31,475,R030,Agt078,39,74,0
2024-01-10 16:00:00,W3,A12,S12,P165,T54282,88,216,21.61,68.58,O4613,38,244,R029,Agt028,118,53,0
2024-01-10 16:10:00,W2,A17,S11,P132,T54073,37,279,25.41,35.84,O8152,7,307,R003,Agt075,10,86,1
2024-01-10 16:20:00,W1,A09,S26,P142,T57142,29,206,19.71,53.53,O4307,22,343,R046,Agt064,52,57,1
2024-01-10 16:30:00,W3,A02,S11,P178,T81438,16,187,18.52,64.58,O3041,21,394,R045,Agt022,104,20,1
2024-01-10 16:40:00,W1,A14,S26,P124,T59655,164,274,27.9,35.69,O7539,46,438,R015,Agt025,44,14,0
2024-01-10 16:50:00,W1,A20,S02,P169,T42175,168,164,23.61,68.04,O6015,14,372,R041,Agt048,72,26,0
2024-01-10 17:00:00,W3,A18,S21,P105,T70396,146,289,21.29,65.49,O1990,2,319,R031,Agt080,8,80,0
2024-01-10 17:10:00,W3,A11,S30,P152,T46141,161,223,24.77,58.19,O8027,1,283,R012,Agt044,71,66,0
2024-01-10 17:20:00,W3,A18,S18,P190,T83506,197,252,21.31,60.44,O3338,26,377,R016,Agt006,39,82,0
2024-01-10 17:30:00,W2,A11,S20,P169,T32407,76,276,25.56,61.19,O4734,41,46,R003,Agt026,31,27,0
2024-01-10 17:40:00,W3,A06,S11,P163,T65890,170,245,25.65,62.68,O1699,4,157,R044,Agt012,111,27,0
2024-01-10 17:50:00,W3,A20,S07,P104,T29758,134,291,27.23,36.93,O5903,6,70,R017,Agt030,78,52,0
2024-01-10 18:00:00,W1,A03,S05,P141,T62656,42,231,27.13,60.24,O7406,29,247,R013,Agt009,89,101,1
2024-01-10 18:10:00,W2,A04,S15,P120,T53310,186,220,26.73,43.65,O9659,1,140,R005,Agt058,65,51,0
2024-01-10 18:20:00,W3,A17,S06,P121,T42542,92,204,20.43,52.6,O1341,21,56,R038,Agt040,4,47,0
2024-01-10 18:30:00,W1,A17,S18,P171,T48132,133,278,23.64,45.24,O6549,31,119,R025,Agt079,113,60,0
2024-01-10 18:40:00,W1,A12,S14,P105,T94802,115,248,21.57,65.56,O6124,31,142,R002,Agt031,29,73,0
2024-01-10 18:50:00,W3,A12,S21,P136,T18574,147,213,21.48,50.38,O3042,17,431,R044,Agt091,118,66,0
2024-01-10 19:00:00,W3,A06,S07,P141,T76931,129,164,19.5,65.32,O5813,18,376,R005,Agt019,9,49,0
2024-01-10 19:10:00,W3,A20,S14,P182,T71921,155,219,26.55,49.1,O3246,11,320,R013,Agt018,80,84,0
2024-01-10 19:20:00,W2,A14,S06,P154,T80421,41,245,18.75,68.89,O8927,29,87,R008,Agt041,27,92,1
2024-01-10 19:30:00,W3,A08,S10,P159,T13538,28,270,26.67,50.19,O7127,18,151,R005,Agt065,67,91,1
2024-01-10 19:40:00,W3,A07,S29,P150,T25163,168,264,24.81,35.97,O3224,24,366,R039,Agt057,12,41,0
2024-01-10 19:50:00,W2,A05,S08,P115,T81686,195,266,18.36,68.27,O7918,41,90,R015,Agt098,50,112,0
2024-01-10 20:00:00,W2,A07,S28,P114,T13426,143,182,22.09,38.14,O8372,6,414,R040,Agt042,32,97,0
2024-01-10 20:10:00,W3,A10,S05,P197,T45583,23,199,26.74,66.01,O4643,17,346,R009,Agt018,45,44,1
2024-01-10 20:20:00,W1,A14,S10,P183,T73659,90,295,22.66,67.13,O6717,38,315,R040,Agt047,37,113,1
2024-01-10 20:30:00,W3,A09,S03,P130,T99068,25,174,20.65,61.24,O9326,33,71,R032,Agt094,76,100,1
2024-01-10 20:40:00,W2,A08,S03,P105,T97524,89,286,21.09,47.84,O8543,7,124,R003,Agt093,28,23,0
2024-01-10 20:50:00,W1,A18,S19,P113,T88061,89,201,25.38,37.32,O4008,46,316,R002,Agt041,117,55,0
2024-01-10 21:00:00,W2,A06,S14,P100,T28343,54,248,26.62,46.32,O2274,2,370,R034,Agt057,84,110,1
2024-01-10 21:10:00,W1,A03,S13,P189,T62780,55,214,19.91,46.14,O7612,15,290,R012,Agt056,103,65,1
2024-01-10 21:20:00,W2,A14,S25,P192,T60938,176,196,19.08,67.27,O8453,36,102,R009,Agt049,61,20,0
2024-01-10 21:30:00,W1,A20,S12,P194,T92837,122,290,23.13,66.52,O6624,14,127,R034,Agt096,54,20,0
2024-01-10 21:40:00,W3,A18,S21,P178,T72516,73,183,19.96,61.54,O1564,48,200,R031,Agt009,54,105,1
2024-01-10 21:50:00,W3,A10,S11,P197,T76344,39,223,23.52,54.17,O7459,7,439,R005,Agt054,107,106,1
2024-01-10 22:00:00,W1,A17,S05,P127,T49217,72,188,21.03,68.47,O7977,37,56,R004,Agt066,41,103,1
2024-01-10 22:10:00,W2,A01,S01,P198,T30231,136,177,22.15,35.7,O8385,39,136,R012,Agt060,73,55,0
2024-01-10 22:20:00,W2,A20,S10,P102,T30415,165,289,23.76,61.3,O6273,36,126,R003,Agt062,111,119,0
2024-01-10 22:30:00,W2,A06,S17,P103,T32598,129,210,27.46,55.18,O4295,20,402,R024,Agt031,15,102,0
2024-01-10 22:40:00,W3,A04,S09,P165,T50407,126,250,27.87,36.61,O7633,19,441,R034,Agt008,97,26,0
2024-01-10 22:50:00,W1,A08,S11,P169,T65913,175,183,19.95,52.75,O6250,49,273,R031,Agt077,2,30,0
2024-01-10 23:00:00,W1,A20,S18,P193,T30079,140,174,22.9,53.44,O3416,26,466,R039,Agt094,105,108,0
2024-01-10 23:10:00,W1,A09,S24,P146,T69386,164,174,26.32,38.76,O6714,3,181,R033,Agt027,47,19,0
2024-01-10 23:20:00,W3,A16,S03,P102,T81864,67,213,21.99,59.26,O5861,11,390,R022,Agt004,108,56,0
2024-01-10 23:30:00,W3,A18,S30,P134,T48514,132,215,27.15,58.74,O2950,7,34,R023,Agt012,82,58,0
2024-01-10 23:40:00,W3,A18,S27,P131,T74333,57,292,21.75,63.85,O1894,39,377,R035,Agt095,118,96,1
2024-01-10 23:50:00,W2,A19,S30,P103,T41828,101,247,26.98,56.99,O7659,45,170,R029,Agt031,72,21,0
2024-01-11 00:00:00,W2,A17,S19,P106,T99956,55,225,25.4,69.96,O9356,40,448,R035,Agt008,14,51,0
2024-01-11 00:10:00,W2,A03,S04,P104,T95547,69,215,25.58,54.02,O6498,8,472,R047,Agt085,14,74,1
2024-01-11 00:20:00,W3,A09,S08,P180,T32323,197,152,20.47,49.37,O1895,21,269,R008,Agt056,3,118,0
2024-01-11 00:30:00,W3,A15,S04,P119,T98372,50,155,21.54,36.58,O6162,13,305,R009,Agt028,18,46,0
2024-01-11 00:40:00,W1,A10,S08,P114,T24192,26,286,21.71,59.13,O6406,12,21,R020,Agt075,24,115,1
2024-01-11 00:50:00,W1,A07,S02,P146,T19370,57,204,23.22,52.25,O9069,1,439,R002,Agt019,116,43,0
2024-01-11 01:00:00,W2,A15,S16,P147,T80370,121,216,25.39,58.49,O8679,47,184,R011,Agt034,56,110,0
2024-01-11 01:10:00,W3,A02,S25,P178,T17192,102,187,23.48,48.3,O9445,24,96,R034,Agt056,13,88,0
2024-01-11 01:20:00,W3,A05,S14,P176,T35099,125,236,25.78,65.3,O1270,35,398,R015,Agt050,50,95,0
2024-01-11 01:30:00,W1,A20,S04,P170,T14247,140,188,26.54,61.61,O6172,24,337,R014,Agt080,95,73,0
2024-01-11 01:40:00,W2,A02,S06,P121,T53183,100,225,20.69,39.21,O1975,29,480,R026,Agt061,1,51,0
2024-01-11 01:50:00,W3,A01,S11,P179,T21236,51,246,24.68,56.18,O3107,49,236,R013,Agt088,76,82,1
2024-01-11 02:00:00,W1,A06,S01,P182,T70164,58,284,27.11,54.78,O6030,49,31,R030,Agt013,86,31,0
2024-01-11 02:10:00,W3,A12,S27,P156,T63749,8,189,24.87,56.89,O5877,31,370,R047,Agt046,118,71,1
2024-01-11 02:20:00,W2,A05,S13,P176,T97234,66,215,22.29,60.91,O4952,43,68,R038,Agt032,13,44,0
2024-01-11 02:30:00,W3,A16,S04,P197,T15221,51,184,22.2,48.0,O7446,29,74,R030,Agt009,19,91,1
2024-01-11 02:40:00,W2,A09,S27,P127,T26575,79,299,18.13,56.17,O7403,36,117,R036,Agt012,106,73,0
2024-01-11 02:50:00,W1,A14,S11,P110,T63787,98,150,18.32,42.96,O4223,25,494,R009,Agt012,32,56,0
2024-01-11 03:00:00,W2,A05,S01,P158,T76366,135,248,24.51,37.05,O1578,43,89,R035,Agt040,98,116,0
2024-01-11 03:10:00,W3,A14,S13,P118,T50904,175,250,26.72,38.83,O3465,26,392,R042,Agt065,32,36,0
2024-01-11 03:20:00,W3,A11,S24,P139,T73860,169,268,22.37,50.17,O6569,8,172,R028,Agt055,17,81,0
2024-01-11 03:30:00,W3,A14,S17,P159,T83765,140,219,19.68,54.62,O6655,40,498,R022,Agt044,5,109,0
2024-01-11 03:40:00,W2,A06,S28,P190,T39822,159,213,20.95,36.84,O6780,13,418,R009,Agt062,22,43,0
2024-01-11 03:50:00,W2,A09,S01,P135,T48713,65,186,20.49,38.63,O1622,41,175,R016,Agt011,71,89,1
2024-01-11 04:00:00,W3,A12,S29,P144,T61804,30,293,27.08,46.62,O7239,9,220,R027,Agt012,69,49,1
2024-01-11 04:10:00,W2,A11,S28,P104,T78691,19,167,22.18,46.15,O8749,42,229,R013,Agt001,25,113,1
2024-01-11 04:20:00,W3,A01,S15,P169,T45717,186,162,26.64,67.55,O6381,9,432,R037,Agt014,67,57,0
2024-01-11 04:30:00,W1,A10,S12,P190,T23148,169,228,18.49,61.98,O7567,13,499,R007,Agt053,111,41,0
2024-01-11 04:40:00,W3,A14,S19,P196,T37308,186,290,24.47,54.15,O5474,20,67,R028,Agt031,6,27,0
2024-01-11 04:50:00,W2,A09,S21,P192,T17628,33,175,22.97,50.69,O3081,43,372,R041,Agt094,70,48,1
2024-01-11 05:00:00,W2,A13,S28,P178,T17724,27,278,18.62,65.76,O6476,36,237,R016,Agt082,47,12,0
2024-01-11 05:10:00,W3,A07,S05,P122,T31361,86,272,18.84,64.38,O5447,5,372,R004,Agt014,73,92,1
2024-01-11 05:20:00,W1,A10,S11,P190,T57501,34,254,20.31,42.94,O8937,12,174,R041,Agt031,62,76,1
2024-01-11 05:30:00,W3,A01,S30,P115,T49589,168,185,27.46,49.82,O2456,1,115,R011,Agt010,52,90,0
2024-01-11 05:40:00,W2,A15,S22,P106,T19716,133,264,18.04,48.82,O2008,35,460,R013,Agt090,6,36,0
2024-01-11 05:50:00,W1,A01,S28,P199,T74026,74,268,24.66,48.47,O4878,8,90,R027,Agt040,10,61,0
2024-01-11 06:00:00,W2,A02,S21,P149,T62543,33,259,26.68,68.33,O2165,12,322,R004,Agt004,116,115,1
2024-01-11 06:10:00,W2,A18,S10,P193,T77962,196,248,22.15,42.43,O1469,24,121,R001,Agt078,80,28,0
2024-01-11 06:20:00,W1,A15,S19,P183,T80387,125,214,18.96,65.38,O8353,1,400,R033,Agt063,98,12,0
2024-01-11 06:30:00,W2,A19,S17,P122,T48521,197,186,27.37,57.82,O1824,4,268,R032,Agt073,102,73,0
2024-01-11 06:40:00,W3,A15,S12,P121,T34575,147,181,24.77,42.64,O9059,27,241,R043,Agt037,83,98,0
2024-01-11 06:50:00,W2,A17,S02,P112,T94026,26,158,19.29,62.24,O5323,4,225,R048,Agt051,50,46,1
2024-01-11 07:00:00,W3,A11,S01,P132,T70461,100,298,18.42,57.65,O4073,35,330,R012,Agt075,49,13,0
2024-01-11 07:10:00,W3,A17,S06,P196,T95179,137,247,26.5,35.83,O4571,20,494,R019,Agt048,1,90,0
2024-01-11 07:20:00,W2,A13,S06,P141,T98243,120,217,27.03,42.11,O8307,13,318,R046,Agt081,55,25,0
2024-01-11 07:30:00,W2,A17,S02,P126,T95508,16,212,20.13,69.11,O3880,47,256,R007,Agt008,90,73,1
2024-01-11 07:40:00,W3,A03,S15,P199,T48309,120,184,23.14,65.3,O7155,5,388,R027,Agt022,56,116,0
2024-01-11 07:50:00,W2,A14,S17,P158,T28235,16,296,19.15,56.34,O6263,6,403,R049,Agt076,22,82,1
2024-01-11 08:00:00,W3,A02,S05,P181,T86421,22,152,26.7,68.98,O7296,47,294,R027,Agt093,57,83,1
2024-01-11 08:10:00,W3,A18,S04,P169,T42485,131,249,26.2,38.43,O7504,39,34,R040,Agt020,114,76,0
2024-01-11 08:20:00,W1,A11,S09,P178,T78810,26,199,24.89,60.15,O3043,15,471,R002,Agt061,39,38,1
2024-01-11 08:30:00,W2,A13,S07,P180,T29973,149,295,20.97,37.19,O4564,45,136,R017,Agt085,110,45,0
2024-01-11 08:40:00,W1,A01,S12,P133,T47167,53,238,22.03,35.85,O7813,29,95,R041,Agt077,85,56,1
2024-01-11 08:50:00,W2,A11,S17,P132,T20742,48,201,26.44,51.01,O6817,49,74,R018,Agt096,30,41,0
2024-01-11 09:00:00,W3,A16,S18,P124,T59804,60,285,23.29,50.13,O6357,34,489,R040,Agt024,31,24,0
2024-01-11 09:10:00,W2,A18,S12,P108,T60450,59,190,25.98,55.92,O3530,17,307,R048,Agt027,81,13,0
2024-01-11 09:20:00,W1,A13,S25,P131,T29631,37,200,20.84,37.54,O8773,31,243,R015,Agt089,117,77,1
2024-01-11 09:30:00,W3,A09,S24,P110,T25053,133,171,23.35,68.86,O1395,22,449,R039,Agt034,74,100,0
2024-01-11 09:40:00,W2,A12,S27,P146,T72167,93,257,24.17,47.77,O5207,1,411,R004,Agt090,64,113,1
2024-01-11 09:50:00,W3,A11,S05,P162,T26982,59,238,20.06,66.75,O1396,43,52,R023,Agt024,41,22,0
2024-01-11 10:00:00,W3,A02,S25,P143,T52159,174,279,25.4,56.77,O5367,14,408,R028,Agt001,81,16,0
2024-01-11 10:10:00,W1,A20,S13,P131,T26027,143,156,26.98,52.68,O6861,3,352,R016,Agt092,116,57,0
2024-01-11 10:20:00,W2,A14,S24,P184,T73416,31,152,21.98,39.37,O2384,2,287,R046,Agt017,118,76,1
2024-01-11 10:30:00,W2,A02,S28,P119,T31280,132,162,24.22,42.9,O4519,8,451,R017,Agt076,57,97,0
2024-01-11 10:40:00,W1,A03,S28,P112,T52342,89,226,18.12,38.12,O8809,39,381,R040,Agt058,4,87,0
2024-01-11 10:50:00,W1,A12,S16,P108,T55798,99,285,21.4,58.75,O3115,11,381,R001,Agt040,19,66,0
2024-01-11 11:00:00,W1,A09,S04,P127,T56670,147,191,22.24,63.54,O4117,1,326,R049,Agt088,44,65,0
2024-01-11 11:10:00,W1,A12,S29,P122,T43602,76,299,26.26,68.47,O7560,35,485,R040,Agt030,58,98,1
2024-01-11 11:20:00,W3,A18,S28,P140,T88199,21,286,24.74,48.92,O7231,46,336,R036,Agt051,89,74,1
2024-01-11 11:30:00,W2,A03,S24,P170,T69319,196,216,26.26,67.83,O6518,37,200,R032,Agt087,113,119,0
2024-01-11 11:40:00,W2,A08,S25,P149,T42272,172,246,21.08,57.13,O8338,36,106,R047,Agt020,47,26,0
2024-01-11 11:50:00,W1,A11,S20,P129,T99511,89,251,18.6,65.6,O9157,45,343,R043,Agt011,93,13,0
2024-01-11 12:00:00,W2,A04,S26,P152,T42932,182,273,27.73,63.57,O7867,30,103,R021,Agt033,81,12,0
2024-01-11 12:10:00,W2,A12,S13,P131,T85358,96,261,27.43,42.53,O8361,14,461,R002,Agt071,79,49,0
2024-01-11 12:20:00,W3,A10,S05,P180,T98860,17,164,26.48,54.82,O3602,36,276,R049,Agt099,42,71,1
2024-01-11 12:30:00,W3,A14,S26,P109,T36882,100,259,25.56,59.37,O2190,9,47,R011,Agt099,100,118,1
2024-01-11 12:40:00,W1,A04,S24,P175,T36411,24,164,19.76,57.76,O8860,14,467,R044,Agt013,109,96,1
2024-01-11 12:50:00,W2,A10,S02,P156,T14646,176,294,21.47,67.57,O9680,27,83,R025,Agt096,53,50,0
2024-01-11 13:00:00,W3,A01,S05,P107,T67698,39,163,21.1,42.63,O3044,38,177,R031,Agt018,103,83,1
2024-01-11 13:10:00,W3,A19,S29,P107,T67180,130,254,23.02,39.43,O7440,22,156,R006,Agt024,10,86,0
2024-01-11 13:20:00,W2,A16,S13,P143,T70096,122,217,21.61,41.37,O1265,34,123,R048,Agt069,56,90,0
2024-01-11 13:30:00,W3,A15,S05,P166,T44398,110,237,27.83,44.89,O3831,33,196,R040,Agt070,114,99,0
2024-01-11 13:40:00,W3,A09,S08,P107,T20725,130,289,25.69,67.94,O8716,15,38,R037,Agt077,90,115,0
2024-01-11 13:50:00,W1,A08,S06,P119,T91931,182,267,25.03,57.14,O5165,21,167,R001,Agt009,55,111,0
2024-01-11 14:00:00,W3,A18,S02,P186,T75861,126,250,23.16,37.61,O9474,24,182,R038,Agt093,112,22,0
2024-01-11 14:10:00,W2,A05,S17,P183,T18110,115,254,27.58,43.47,O4298,32,62,R044,Agt068,59,76,0
2024-01-11 14:20:00,W3,A16,S20,P146,T76104,12,232,23.85,60.25,O2917,9,402,R033,Agt017,70,102,1
2024-01-11 14:30:00,W3,A01,S12,P107,T86379,168,175,25.53,59.88,O7126,5,408,R041,Agt007,29,77,0
2024-01-11 14:40:00,W1,A18,S29,P116,T57207,139,279,18.49,68.79,O2332,34,100,R029,Agt097,103,15,0
2024-01-11 14:50:00,W1,A15,S09,P120,T83981,54,160,18.84,68.29,O9982,44,151,R049,Agt069,35,23,0
2024-01-11 15:00:00,W2,A10,S14,P174,T52271,184,234,19.31,59.16,O4549,22,85,R004,Agt093,43,21,0
2024-01-11 15:10:00,W1,A04,S09,P174,T56363,106,231,19.84,58.42,O8581,34,474,R023,Agt044,14,109,1
2024-01-11 15:20:00,W2,A18,S23,P119,T76794,169,235,23.66,57.63,O6216,27,135,R023,Agt082,29,82,0
2024-01-11 15:30:00,W2,A01,S02,P149,T32558,155,217,26.33,40.28,O8119,3,396,R027,Agt037,84,43,0
2024-01-11 15:40:00,W1,A14,S22,P138,T76842,9,205,27.49,40.44,O9069,49,21,R013,Agt060,113,57,1
2024-01-11 15:50:00,W3,A20,S07,P106,T25615,58,207,27.33,66.33,O6025,37,202,R032,Agt033,42,104,1
2024-01-11 16:00:00,W2,A15,S25,P166,T18044,54,239,27.21,48.63,O5013,45,365,R006,Agt066,95,48,0
2024-01-11 16:10:00,W1,A07,S02,P101,T71298,17,202,27.95,57.4,O3219,33,435,R010,Agt096,9,43,1
2024-01-11 16:20:00,W1,A14,S14,P142,T27935,60,247,26.75,57.04,O1476,26,51,R028,Agt015,86,85,1
2024-01-11 16:30:00,W2,A04,S24,P100,T25369,119,260,27.27,49.37,O5732,16,84,R042,Agt060,74,24,0
2024-01-11 16:40:00,W3,A02,S24,P153,T42004,24,171,19.4,66.88,O4983,21,164,R034,Agt008,76,42,1
2024-01-11 16:50:00,W2,A01,S19,P130,T54512,186,192,24.37,44.76,O9815,17,69,R025,Agt017,67,117,0
2024-01-11 17:00:00,W3,A12,S22,P103,T18597,97,221,20.9,50.37,O7629,38,383,R011,Agt094,21,26,0
2024-01-11 17:10:00,W1,A18,S06,P130,T38580,12,293,22.35,44.33,O4486,21,347,R002,Agt087,37,26,1
2024-01-11 17:20:00,W1,A16,S27,P180,T42782,61,298,21.16,49.15,O4039,32,397,R039,Agt001,26,103,1
2024-01-11 17:30:00,W1,A15,S10,P111,T75474,160,164,25.91,44.29,O8413,17,483,R043,Agt015,112,111,0
2024-01-11 17:40:00,W2,A02,S17,P143,T89559,163,272,26.22,47.87,O5729,5,290,R037,Agt033,3,14,0
2024-01-11 17:50:00,W1,A18,S29,P116,T23636,72,177,19.01,65.46,O6040,18,70,R032,Agt002,69,84,1
2024-01-11 18:00:00,W2,A18,S02,P171,T27643,101,165,21.89,66.5,O3221,43,200,R023,Agt054,14,43,0
2024-01-11 18:10:00,W1,A12,S16,P107,T24648,24,279,20.54,65.16,O3653,11,167,R011,Agt077,54,116,1
2024-01-11 18:20:00,W2,A01,S08,P120,T53634,14,272,21.37,49.41,O3386,31,302,R046,Agt067,36,78,1
2024-01-11 18:30:00,W3,A11,S03,P132,T22167,195,208,21.29,36.64,O5857,10,402,R032,Agt044,104,66,0
2024-01-11 18:40:00,W3,A13,S13,P198,T25993,120,203,25.37,48.16,O3687,2,78,R036,Agt024,102,42,0
2024-01-11 18:50:00,W1,A20,S02,P154,T63737,138,291,19.68,63.06,O7839,24,32,R002,Agt087,7,19,0
2024-01-11 19:00:00,W1,A11,S19,P103,T14921,171,298,25.79,61.84,O3039,48,241,R010,Agt058,114,52,0
2024-01-11 19:10:00,W3,A06,S21,P117,T48887,178,260,20.78,47.96,O9394,2,415,R043,Agt002,112,115,0
2024-01-11 19:20:00,W1,A02,S07,P196,T99548,171,227,26.47,46.76,O7972,24,415,R004,Agt034,50,78,0
2024-01-11 19:30:00,W1,A09,S04,P189,T55356,171,218,24.6,41.3,O1687,27,21,R018,Agt089,90,46,0
2024-01-11 19:40:00,W3,A16,S19,P136,T92333,17,259,18.48,43.23,O2663,5,38,R016,Agt038,106,31,1
2024-01-11 19:50:00,W2,A18,S20,P187,T23592,105,206,20.26,67.98,O6998,13,111,R008,Agt067,66,56,0
2024-01-11 20:00:00,W2,A14,S18,P152,T92189,120,266,24.07,43.18,O6755,7,250,R044,Agt076,14,51,0
2024-01-11 20:10:00,W2,A05,S30,P125,T83273,188,276,19.8,55.91,O9070,2,194,R022,Agt025,86,109,0
2024-01-11 20:20:00,W3,A14,S12,P184,T41555,7,227,25.25,68.26,O1631,2,243,R026,Agt064,119,102,1
2024-01-11 20:30:00,W1,A06,S21,P188,T99049,72,245,24.23,42.66,O4049,43,445,R011,Agt092,80,105,1
2024-01-11 20:40:00,W1,A09,S12,P186,T38232,40,154,21.74,47.05,O2682,13,64,R030,Agt033,75,93,1
2024-01-11 20:50:00,W2,A17,S21,P184,T16650,34,253,27.9,69.41,O3133,9,317,R036,Agt048,76,89,1
2024-01-11 21:00:00,W3,A15,S07,P196,T43480,100,215,20.84,45.3,O8149,37,261,R010,Agt079,107,101,1
2024-01-11 21:10:00,W1,A11,S21,P108,T41316,57,176,23.76,66.65,O7297,22,491,R025,Agt054,79,119,1
2024-01-11 21:20:00,W3,A17,S22,P194,T29078,190,257,26.09,62.65,O2700,39,22,R009,Agt095,53,92,0
2024-01-11 21:30:00,W1,A05,S01,P104,T10314,32,215,19.23,36.3,O7919,36,109,R011,Agt014,81,115,1
2024-01-11 21:40:00,W3,A16,S26,P154,T46683,148,230,25.74,67.74,O7435,2,166,R013,Agt035,59,12,0
2024-01-11 21:50:00,W2,A16,S25,P159,T66684,193,241,21.22,44.37,O2227,24,275,R049,Agt092,17,12,0
2024-01-11 22:00:00,W2,A04,S20,P169,T48516,134,166,25.1,46.63,O3348,49,237,R031,Agt099,87,116,0
2024-01-11 22:10:00,W1,A14,S13,P117,T36053,177,209,21.88,37.76,O9835,46,214,R015,Agt085,20,81,0
2024-01-11 22:20:00,W3,A19,S03,P198,T65326,193,163,19.54,62.33,O8938,9,461,R043,Agt022,21,51,0
2024-01-11 22:30:00,W1,A07,S10,P103,T56222,190,165,26.89,38.45,O5701,37,279,R042,Agt027,118,23,0
2024-01-11 22:40:00,W2,A07,S12,P165,T85500,76,275,24.21,40.42,O4151,15,202,R004,Agt044,25,51,0
2024-01-11 22:50:00,W3,A06,S06,P149,T42064,123,254,23.7,60.76,O8445,7,211,R040,Agt008,27,58,0
2024-01-11 23:00:00,W3,A07,S22,P193,T50858,96,189,22.9,65.2,O4797,15,266,R013,Agt050,30,53,0
2024-01-11 23:10:00,W2,A19,S15,P178,T87461,100,151,26.41,58.29,O4752,14,179,R029,Agt065,46,65,0
2024-01-11 23:20:00,W2,A02,S16,P101,T12454,17,277,20.32,55.64,O1090,29,425,R006,Agt009,24,80,1
2024-01-11 23:30:00,W2,A08,S23,P153,T65209,141,192,19.81,47.9,O9592,34,72,R011,Agt034,18,21,0
2024-01-11 23:40:00,W1,A09,S28,P102,T56404,198,230,23.72,46.48,O7669,48,476,R003,Agt092,70,115,0
2024-01-11 23:50:00,W1,A09,S27,P145,T42048,171,234,24.21,48.48,O3110,25,397,R046,Agt023,14,39,0
2024-01-12 00:00:00,W3,A19,S01,P102,T67501,12,245,23.5,36.91,O3529,10,428,R038,Agt033,83,25,1
2024-01-12 00:10:00,W3,A20,S15,P124,T23059,128,268,18.22,68.36,O7073,38,409,R003,Agt049,44,62,0
2024-01-12 00:20:00,W2,A01,S23,P139,T59941,113,162,26.46,36.08,O7855,37,330,R026,Agt034,75,74,0
2024-01-12 00:30:00,W2,A12,S07,P102,T71667,127,276,25.68,65.19,O2831,7,158,R009,Agt063,105,105,0
2024-01-12 00:40:00,W3,A02,S25,P155,T16942,188,243,18.08,68.95,O6088,17,449,R011,Agt092,79,98,0
2024-01-12 00:50:00,W1,A10,S04,P149,T15354,125,208,27.83,41.82,O5576,29,485,R030,Agt038,15,41,0
2024-01-12 01:00:00,W2,A05,S23,P110,T41071,24,250,26.44,48.66,O3621,20,225,R013,Agt098,94,118,1
2024-01-12 01:10:00,W1,A16,S29,P192,T64402,29,265,23.0,64.12,O1396,9,146,R034,Agt073,119,77,1
2024-01-12 01:20:00,W1,A10,S24,P117,T79920,154,182,27.21,39.62,O1168,6,240,R021,Agt044,32,105,0
2024-01-12 01:30:00,W1,A12,S02,P151,T23958,93,198,24.91,69.5,O5094,6,80,R015,Agt071,72,67,0
2024-01-12 01:40:00,W2,A13,S14,P149,T47206,124,290,19.83,58.8,O4675,22,72,R011,Agt045,2,15,0
2024-01-12 01:50:00,W3,A02,S09,P135,T35531,160,299,26.89,63.59,O2233,7,190,R013,Agt063,44,51,0
2024-01-12 02:00:00,W1,A05,S22,P119,T27096,173,242,23.04,68.05,O7185,26,456,R035,Agt015,69,95,0
2024-01-12 02:10:00,W2,A03,S08,P156,T64822,42,250,21.1,36.97,O2870,21,283,R006,Agt029,62,69,1
2024-01-12 02:20:00,W2,A13,S06,P192,T21892,13,271,20.02,68.93,O5067,41,135,R037,Agt070,51,73,1
2024-01-12 02:30:00,W3,A13,S27,P102,T59472,82,150,21.05,59.52,O5930,12,180,R030,Agt001,22,30,0
2024-01-12 02:40:00,W1,A14,S12,P136,T95112,172,287,27.77,40.5,O2503,20,169,R010,Agt005,19,80,0
2024-01-12 02:50:00,W3,A15,S28,P193,T46624,182,232,19.46,36.81,O6400,1,279,R003,Agt051,9,70,0
2024-01-12 03:00:00,W2,A07,S10,P117,T50856,25,284,19.37,64.96,O2346,23,296,R030,Agt068,16,96,1
2024-01-12 03:10:00,W3,A12,S21,P100,T31708,97,174,25.64,44.43,O7584,40,480,R046,Agt083,47,116,1
2024-01-12 03:20:00,W1,A03,S01,P131,T18229,67,180,27.32,38.04,O7655,9,196,R023,Agt099,110,118,1
2024-01-12 03:30:00,W3,A19,S08,P142,T84107,127,276,26.91,65.8,O4738,48,417,R030,Agt040,36,13,0
2024-01-12 03:40:00,W2,A03,S13,P122,T54046,197,209,20.37,58.42,O1174,39,99,R002,Agt022,33,102,0
2024-01-12 03:50:00,W3,A07,S14,P118,T70687,75,153,26.82,60.24,O3956,3,343,R022,Agt005,36,11,0
2024-01-12 04:00:00,W2,A01,S12,P100,T82416,195,168,19.99,69.05,O5180,44,130,R009,Agt095,22,42,0
2024-01-12 04:10:00,W1,A20,S17,P191,T13054,33,165,26.93,44.21,O9908,3,448,R016,Agt064,75,45,1
2024-01-12 04:20:00,W3,A04,S19,P133,T94569,53,293,22.38,47.93,O6880,17,143,R028,Agt066,87,13,0
2024-01-12 04:30:00,W2,A05,S20,P112,T36275,46,274,18.5,59.42,O3987,36,75,R043,Agt059,72,28,0
2024-01-12 04:40:00,W2,A14,S30,P147,T39167,197,159,23.18,69.11,O4603,11,110,R048,Agt062,14,85,0
2024-01-12 04:50:00,W2,A02,S03,P168,T70371,8,280,23.36,35.18,O2092,14,284,R035,Agt082,1,28,1
2024-01-12 05:00:00,W1,A08,S08,P178,T59953,69,151,22.74,43.07,O5113,22,56,R029,Agt028,49,22,0
2024-01-12 05:10:00,W1,A16,S08,P190,T76319,145,280,23.02,55.22,O7289,5,99,R044,Agt026,60,67,0
2024-01-12 05:20:00,W3,A17,S08,P175,T10383,6,204,23.25,68.23,O5135,29,472,R030,Agt078,89,20,1
2024-01-12 05:30:00,W1,A16,S14,P194,T57400,121,225,22.48,63.44,O2343,45,253,R028,Agt051,23,25,0
2024-01-12 05:40:00,W3,A09,S11,P148,T82649,177,249,27.55,37.71,O4704,42,235,R043,Agt044,88,99,0
2024-01-12 05:50:00,W1,A16,S11,P159,T23256,34,278,21.08,51.37,O6421,32,206,R008,Agt010,51,110,1
2024-01-12 06:00:00,W2,A15,S02,P146,T12784,172,208,24.11,60.76,O9503,19,105,R014,Agt095,99,105,0
2024-01-12 06:10:00,W3,A14,S24,P133,T14027,74,210,22.6,68.21,O9154,25,376,R017,Agt054,87,119,1
2024-01-12 06:20:00,W2,A10,S10,P147,T60197,46,228,24.9,39.19,O4102,18,198,R020,Agt049,50,67,1
2024-01-12 06:30:00,W1,A18,S11,P147,T93962,83,271,25.71,48.04,O3548,10,346,R043,Agt083,44,92,1
2024-01-12 06:40:00,W3,A03,S08,P159,T16804,11,216,27.87,56.73,O9776,35,278,R031,Agt050,19,37,1
2024-01-12 06:50:00,W1,A09,S14,P133,T68001,149,198,26.96,46.55,O4742,14,435,R045,Agt073,98,38,0
2024-01-12 07:00:00,W3,A15,S11,P143,T69211,165,195,23.49,36.2,O6618,5,106,R005,Agt003,115,65,0
2024-01-12 07:10:00,W2,A03,S07,P151,T59306,17,270,25.94,51.43,O8254,38,29,R018,Agt086,101,81,1
2024-01-12 07:20:00,W2,A02,S26,P152,T25653,33,190,20.33,59.58,O3015,41,322,R040,Agt059,29,69,1
2024-01-12 07:30:00,W1,A08,S18,P117,T37961,101,192,26.96,65.86,O4939,22,474,R043,Agt059,20,109,1
2024-01-12 07:40:00,W2,A13,S25,P110,T46407,46,294,19.61,46.14,O3864,23,498,R031,Agt050,104,37,0
2024-01-12 07:50:00,W1,A10,S06,P176,T81629,172,163,27.12,54.54,O6785,38,79,R045,Agt091,104,98,0
2024-01-12 08:00:00,W3,A10,S09,P157,T60721,181,150,21.6,57.85,O1160,34,485,R046,Agt047,30,71,0
2024-01-12 08:10:00,W1,A04,S16,P137,T97490,146,259,24.7,65.32,O2114,40,447,R003,Agt043,99,37,0
2024-01-12 08:20:00,W2,A08,S22,P125,T55380,84,257,23.18,45.09,O7106,39,340,R035,Agt093,28,69,0
2024-01-12 08:30:00,W2,A08,S27,P192,T63319,128,191,27.26,56.68,O8573,42,276,R012,Agt007,67,100,0
2024-01-12 08:40:00,W2,A11,S23,P176,T75788,152,193,21.21,62.87,O2121,6,326,R025,Agt069,35,82,0
2024-01-12 08:50:00,W2,A17,S12,P182,T76377,154,174,18.73,68.62,O4461,16,250,R009,Agt018,46,58,0
2024-01-12 09:00:00,W3,A13,S10,P171,T84122,84,278,19.85,45.25,O7466,40,81,R044,Agt022,76,11,0
2024-01-12 09:10:00,W3,A15,S22,P198,T32202,60,290,22.23,52.09,O3818,22,70,R018,Agt027,102,32,0
2024-01-12 09:20:00,W3,A06,S26,P120,T81235,119,183,26.14,52.08,O1421,36,344,R020,Agt097,43,30,0
2024-01-12 09:30:00,W1,A03,S14,P194,T74416,7,192,19.01,60.81,O6562,5,303,R011,Agt065,118,72,1
2024-01-12 09:40:00,W2,A09,S26,P172,T60738,72,269,19.55,66.95,O7130,5,130,R003,Agt002,65,62,0
2024-01-12 09:50:00,W1,A13,S06,P148,T43731,160,258,18.83,67.81,O2294,19,493,R033,Agt088,41,24,0
2024-01-12 10:00:00,W1,A20,S11,P168,T27301,136,180,25.34,66.6,O3798,19,384,R029,Agt015,112,64,0
2024-01-12 10:10:00,W2,A01,S05,P147,T58735,8,229,22.28,48.62,O9763,23,275,R033,Agt085,90,50,1
2024-01-12 10:20:00,W3,A17,S17,P131,T76624,65,242,19.57,36.27,O1127,21,207,R043,Agt092,44,99,1
2024-01-12 10:30:00,W3,A10,S22,P124,T38152,41,270,24.95,66.76,O4747,21,413,R044,Agt091,2,59,1
2024-01-12 10:40:00,W3,A18,S16,P114,T43710,22,232,25.89,54.76,O4477,15,249,R008,Agt094,35,45,1
2024-01-12 10:50:00,W1,A13,S24,P191,T49307,61,218,25.61,50.62,O1869,11,387,R034,Agt032,72,111,1
2024-01-12 11:00:00,W1,A02,S09,P161,T41198,108,151,19.95,35.8,O8523,38,272,R022,Agt086,109,65,0
2024-01-12 11:10:00,W2,A01,S13,P154,T14423,188,292,23.75,44.99,O1738,24,450,R028,Agt017,31,55,0
2024-01-12 11:20:00,W1,A02,S12,P164,T53323,144,177,27.22,46.46,O8827,5,38,R048,Agt088,49,14,0
2024-01-12 11:30:00,W3,A02,S07,P190,T71839,91,220,19.59,58.1,O2147,7,153,R003,Agt055,32,118,1
2024-01-12 11:40:00,W1,A04,S22,P196,T57528,51,236,27.82,50.03,O7491,13,386,R048,Agt002,72,106,1
2024-01-12 11:50:00,W1,A18,S02,P133,T72752,178,265,24.77,46.62,O3030,49,69,R027,Agt010,89,76,0
2024-01-12 12:00:00,W1,A06,S09,P108,T91522,77,154,18.56,46.51,O6216,39,389,R023,Agt077,58,90,1
2024-01-12 12:10:00,W1,A10,S16,P156,T77727,24,256,21.52,69.26,O2251,40,188,R034,Agt086,83,103,1
2024-01-12 12:20:00,W1,A07,S14,P107,T29827,93,194,27.48,54.18,O8641,40,305,R045,Agt079,66,49,0
2024-01-12 12:30:00,W2,A12,S23,P158,T88606,86,269,27.78,55.35,O3269,17,293,R009,Agt001,79,54,0
2024-01-12 12:40:00,W3,A01,S14,P111,T85600,177,219,22.75,53.49,O5086,9,412,R002,Agt086,51,35,0
2024-01-12 12:50:00,W1,A17,S24,P106,T81191,21,250,27.9,38.28,O5077,29,348,R022,Agt086,42,25,1
2024-01-12 13:00:00,W2,A16,S28,P150,T67862,103,150,23.46,42.04,O8140,28,405,R008,Agt030,114,116,1
2024-01-12 13:10:00,W1,A05,S02,P160,T41754,164,267,22.06,63.59,O6294,22,317,R032,Agt026,105,41,0
2024-01-12 13:20:00,W2,A03,S21,P148,T63419,117,225,19.17,59.43,O2898,27,179,R017,Agt048,55,67,0
2024-01-12 13:30:00,W3,A14,S16,P123,T33007,47,295,19.1,45.54,O4820,24,176,R025,Agt083,12,108,1
2024-01-12 13:40:00,W1,A14,S16,P191,T65561,39,156,24.1,60.78,O2032,28,371,R001,Agt058,72,53,1
2024-01-12 13:50:00,W2,A19,S11,P139,T80664,120,200,18.22,54.39,O8858,15,268,R004,Agt035,58,44,0
2024-01-12 14:00:00,W3,A17,S11,P135,T87791,50,288,18.02,58.29,O7436,37,339,R012,Agt031,111,117,1
2024-01-12 14:10:00,W3,A19,S22,P191,T84707,39,262,19.25,47.37,O5147,22,215,R017,Agt090,109,83,1
2024-01-12 14:20:00,W1,A14,S30,P195,T97028,109,263,26.64,51.43,O8758,26,209,R020,Agt097,103,96,0
2024-01-12 14:30:00,W3,A19,S22,P186,T91501,43,187,27.88,40.64,O8061,37,62,R018,Agt043,85,34,0
2024-01-12 14:40:00,W1,A20,S29,P126,T74658,124,287,18.1,47.68,O5529,26,373,R040,Agt055,87,97,0
2024-01-12 14:50:00,W3,A13,S15,P132,T76821,171,280,21.72,56.92,O7865,13,329,R020,Agt037,2,56,0
2024-01-12 15:00:00,W3,A04,S13,P162,T82032,194,269,26.29,50.68,O4729,32,38,R039,Agt056,35,28,0
2024-01-12 15:10:00,W2,A17,S18,P140,T12362,183,248,19.21,45.65,O9436,24,215,R011,Agt073,109,119,0
2024-01-12 15:20:00,W1,A18,S25,P183,T65561,23,285,19.16,43.87,O7712,33,222,R008,Agt028,119,106,1
2024-01-12 15:30:00,W2,A15,S22,P167,T62830,183,227,21.43,59.67,O5235,24,236,R009,Agt080,34,79,0
2024-01-12 15:40:00,W2,A10,S25,P198,T30787,183,264,20.98,50.32,O2809,8,443,R011,Agt015,30,86,0
2024-01-12 15:50:00,W3,A14,S10,P147,T66921,31,176,25.96,53.7,O7271,1,473,R028,Agt090,4,111,1
2024-01-12 16:00:00,W3,A07,S23,P163,T73964,75,199,25.67,40.59,O6924,5,387,R002,Agt095,57,53,0
2024-01-12 16:10:00,W2,A09,S15,P126,T83918,147,212,20.27,39.86,O4899,30,137,R013,Agt091,83,100,0
2024-01-12 16:20:00,W1,A10,S28,P157,T68267,145,189,24.78,60.3,O1353,7,478,R030,Agt095,39,90,0
2024-01-12 16:30:00,W2,A19,S11,P106,T67134,53,229,24.72,62.23,O3523,46,236,R047,Agt098,103,106,1
2024-01-12 16:40:00,W3,A16,S29,P150,T44609,136,214,24.18,53.42,O1664,42,58,R032,Agt062,74,93,0
2024-01-12 16:50:00,W3,A07,S21,P166,T38322,58,236,27.19,64.72,O5186,39,22,R035,Agt003,13,67,1
2024-01-12 17:00:00,W3,A11,S27,P184,T37718,139,263,23.65,49.66,O8783,21,361,R036,Agt065,97,91,0
2024-01-12 17:10:00,W3,A16,S22,P149,T60823,136,167,23.76,50.8,O2348,35,471,R036,Agt075,112,61,0
2024-01-12 17:20:00,W2,A16,S17,P177,T87072,62,162,22.24,38.8,O6412,20,155,R033,Agt068,81,13,0
2024-01-12 17:30:00,W1,A02,S18,P102,T60132,19,155,20.02,37.12,O3807,26,412,R041,Agt003,92,69,1
2024-01-12 17:40:00,W3,A14,S02,P115,T42060,40,152,25.71,63.54,O8776,19,143,R032,Agt036,3,44,1
2024-01-12 17:50:00,W2,A02,S25,P120,T38121,32,176,21.39,61.85,O7798,10,286,R006,Agt098,36,40,1
2024-01-12 18:00:00,W1,A07,S16,P199,T84810,23,183,18.04,56.8,O9251,9,460,R036,Agt028,49,64,1
2024-01-12 18:10:00,W1,A16,S25,P194,T33660,86,202,23.28,50.86,O9419,39,373,R041,Agt033,18,38,0
2024-01-12 18:20:00,W3,A01,S27,P122,T90579,162,272,21.27,64.89,O7082,44,290,R003,Agt022,109,96,0
2024-01-12 18:30:00,W3,A07,S24,P182,T42750,157,291,26.89,47.59,O6598,3,257,R002,Agt070,23,92,0
2024-01-12 18:40:00,W2,A12,S07,P113,T39598,150,290,20.29,36.8,O8076,14,335,R041,Agt019,16,75,0
2024-01-12 18:50:00,W3,A11,S11,P114,T32351,37,288,24.86,45.93,O4347,49,470,R048,Agt019,102,66,1
2024-01-12 19:00:00,W2,A16,S25,P154,T29027,20,247,23.86,54.62,O3322,29,284,R043,Agt008,14,54,1
2024-01-12 19:10:00,W3,A19,S03,P184,T11324,62,212,20.0,51.98,O8602,2,165,R001,Agt032,54,35,0
2024-01-12 19:20:00,W1,A12,S01,P179,T38040,119,153,20.02,48.24,O8478,21,466,R005,Agt052,69,108,0
2024-01-12 19:30:00,W2,A16,S05,P109,T19814,139,213,18.41,36.21,O9430,16,222,R030,Agt065,3,105,0
2024-01-12 19:40:00,W2,A19,S06,P157,T33541,20,187,20.38,63.51,O6347,40,308,R010,Agt007,117,73,1
2024-01-12 19:50:00,W3,A01,S29,P124,T33486,194,293,23.94,42.13,O8460,8,362,R003,Agt085,3,21,0
2024-01-12 20:00:00,W2,A06,S18,P154,T29764,156,243,18.82,47.23,O1789,11,484,R026,Agt060,104,67,0
2024-01-12 20:10:00,W1,A19,S05,P197,T40310,110,248,22.51,45.59,O7023,3,23,R002,Agt037,88,106,0
2024-01-12 20:20:00,W1,A18,S14,P175,T98984,168,250,24.64,49.23,O2515,19,24,R025,Agt062,81,29,0
2024-01-12 20:30:00,W2,A18,S19,P149,T97230,93,202,18.72,45.17,O8445,4,259,R005,Agt043,7,119,1
2024-01-12 20:40:00,W1,A01,S17,P148,T33512,122,271,27.53,45.21,O2334,10,411,R025,Agt056,68,118,0
2024-01-12 20:50:00,W2,A16,S04,P142,T90893,64,250,25.75,35.38,O1140,43,144,R004,Agt006,101,56,0
2024-01-12 21:00:00,W1,A12,S29,P157,T15834,103,195,20.37,55.21,O2059,49,233,R045,Agt056,5,73,0
2024-01-12 21:10:00,W2,A09,S06,P117,T20628,57,186,25.12,64.94,O2806,14,410,R017,Agt007,114,58,1
2024-01-12 21:20:00,W3,A03,S09,P106,T40648,87,226,27.21,39.45,O7230,39,328,R008,Agt042,87,15,0
2024-01-12 21:30:00,W1,A08,S20,P140,T44743,165,185,22.76,53.19,O4271,8,124,R014,Agt040,65,20,0
2024-01-12 21:40:00,W3,A10,S30,P160,T22877,144,154,23.4,65.81,O8717,38,225,R016,Agt034,87,74,0
2024-01-12 21:50:00,W2,A20,S04,P121,T58309,181,197,23.03,68.29,O8977,6,315,R022,Agt012,44,58,0
2024-01-12 22:00:00,W3,A11,S17,P125,T32564,107,152,27.42,59.17,O8018,24,192,R037,Agt012,60,110,1
2024-01-12 22:10:00,W3,A14,S26,P135,T80022,148,289,25.32,63.96,O3571,14,143,R042,Agt068,110,118,0
2024-01-12 22:20:00,W1,A20,S27,P163,T61672,91,277,20.4,67.72,O6162,4,407,R026,Agt062,77,94,1
2024-01-12 22:30:00,W3,A11,S23,P158,T76553,77,159,21.55,65.69,O3765,11,348,R010,Agt030,7,107,1
2024-01-12 22:40:00,W1,A11,S02,P195,T19923,132,173,23.59,63.61,O9151,9,371,R018,Agt072,67,32,0
2024-01-12 22:50:00,W3,A14,S14,P100,T83036,117,187,21.77,62.35,O2330,37,381,R007,Agt005,45,35,0
2024-01-12 23:00:00,W1,A17,S29,P173,T68786,73,237,19.78,53.3,O3625,25,220,R013,Agt039,46,71,0
2024-01-12 23:10:00,W2,A19,S26,P127,T17781,104,157,27.02,52.2,O5854,15,445,R028,Agt047,53,92,0
2024-01-12 23:20:00,W3,A07,S18,P154,T39913,5,274,20.03,36.6,O9254,30,350,R024,Agt099,0,99,1
2024-01-12 23:30:00,W1,A17,S20,P198,T55461,144,165,21.75,37.92,O3207,28,187,R043,Agt031,40,25,0
2024-01-12 23:40:00,W3,A13,S06,P149,T92989,124,270,24.34,42.4,O6638,24,354,R047,Agt021,67,70,0
2024-01-12 23:50:00,W2,A06,S11,P103,T58379,44,292,26.71,69.47,O9715,13,36,R010,Agt073,68,66,1
2024-01-13 00:00:00,W3,A20,S20,P117,T56392,187,239,23.84,46.55,O4328,41,330,R049,Agt033,103,49,0
2024-01-13 00:10:00,W2,A08,S24,P102,T74738,120,249,20.42,49.44,O2232,31,54,R039,Agt088,37,40,0
2024-01-13 00:20:00,W2,A09,S17,P176,T88306,99,227,24.88,50.11,O7750,39,84,R006,Agt026,52,85,0
2024-01-13 00:30:00,W3,A01,S12,P138,T14488,12,293,23.77,51.96,O3814,33,342,R022,Agt020,86,76,1
2024-01-13 00:40:00,W2,A06,S02,P183,T95644,137,269,23.9,64.41,O9779,38,313,R010,Agt082,1,80,0
2024-01-13 00:50:00,W1,A13,S18,P185,T44000,169,174,20.11,64.96,O2116,3,72,R040,Agt036,1,17,0
2024-01-13 01:00:00,W1,A13,S28,P142,T53508,131,203,22.69,50.24,O8155,25,171,R004,Agt050,107,63,0
2024-01-13 01:10:00,W2,A20,S01,P189,T24381,140,281,19.81,47.55,O6241,8,253,R026,Agt079,106,42,0
2024-01-13 01:20:00,W2,A07,S08,P183,T19808,108,276,27.37,67.52,O8956,19,216,R008,Agt060,30,80,0
2024-01-13 01:30:00,W3,A10,S21,P124,T70591,68,174,18.7,37.19,O9584,13,118,R005,Agt081,55,118,1
2024-01-13 01:40:00,W1,A16,S14,P119,T11966,158,194,26.55,38.87,O1508,23,26,R012,Agt082,31,106,0
2024-01-13 01:50:00,W3,A17,S23,P172,T29083,146,278,22.19,66.25,O4031,2,66,R041,Agt006,108,51,0
2024-01-13 02:00:00,W2,A03,S11,P174,T95517,137,249,20.16,35.27,O6080,9,389,R027,Agt061,114,35,0
2024-01-13 02:10:00,W1,A10,S22,P130,T15635,158,195,19.61,44.06,O4403,32,362,R007,Agt053,29,115,0
2024-01-13 02:20:00,W1,A11,S07,P132,T51391,50,167,22.07,40.02,O5354,24,319,R031,Agt095,68,84,1
2024-01-13 02:30:00,W1,A12,S04,P126,T12663,101,232,19.67,49.56,O5351,11,424,R021,Agt069,51,87,0
2024-01-13 02:40:00,W1,A03,S04,P132,T85264,15,243,20.85,55.24,O4610,21,136,R009,Agt031,83,85,1
2024-01-13 02:50:00,W1,A14,S11,P194,T55809,22,210,22.84,50.96,O9981,1,185,R042,Agt007,43,83,1
2024-01-13 03:00:00,W2,A10,S15,P172,T14741,25,153,19.31,60.47,O2378,25,104,R031,Agt081,95,119,1
2024-01-13 03:10:00,W1,A12,S23,P134,T21958,106,296,18.34,41.78,O5312,41,262,R011,Agt039,100,107,1
2024-01-13 03:20:00,W2,A09,S02,P184,T81183,19,265,27.36,39.01,O8451,8,44,R029,Agt061,117,86,1
2024-01-13 03:30:00,W1,A14,S11,P166,T59889,96,228,19.33,52.41,O9367,14,397,R015,Agt098,68,97,1
2024-01-13 03:40:00,W2,A10,S25,P150,T51175,21,247,23.19,53.89,O3089,40,409,R024,Agt068,105,96,1
2024-01-13 03:50:00,W2,A18,S17,P101,T82213,174,222,25.22,49.21,O7479,29,436,R043,Agt051,90,112,0
2024-01-13 04:00:00,W2,A06,S24,P139,T38466,177,274,19.74,52.78,O9088,39,112,R045,Agt024,111,73,0
2024-01-13 04:10:00,W1,A17,S14,P119,T28898,112,214,19.92,39.71,O6341,16,112,R032,Agt050,40,11,0
2024-01-13 04:20:00,W3,A12,S16,P160,T61122,100,297,25.94,43.21,O2843,4,28,R031,Agt087,67,14,0
2024-01-13 04:30:00,W2,A02,S21,P130,T42327,55,189,18.02,51.75,O4726,14,209,R014,Agt028,22,69,1
2024-01-13 04:40:00,W2,A03,S29,P110,T37426,175,165,19.21,49.86,O7352,26,94,R041,Agt081,72,32,0
2024-01-13 04:50:00,W1,A19,S28,P142,T87875,147,159,21.34,57.01,O3405,35,144,R020,Agt083,65,30,0
2024-01-13 05:00:00,W2,A02,S08,P167,T25783,63,150,24.45,61.46,O6270,47,91,R001,Agt060,61,21,0
2024-01-13 05:10:00,W1,A14,S03,P126,T89082,81,239,24.65,61.93,O5138,16,99,R015,Agt067,102,14,0
2024-01-13 05:20:00,W1,A12,S15,P194,T19972,113,204,26.05,51.3,O6657,6,309,R028,Agt073,64,56,0
2024-01-13 05:30:00,W2,A17,S11,P163,T43151,59,227,23.07,57.81,O9277,12,235,R027,Agt060,2,118,1
2024-01-13 05:40:00,W1,A06,S17,P144,T12408,131,190,19.67,54.5,O4023,44,194,R037,Agt071,113,115,0
2024-01-13 05:50:00,W1,A15,S22,P174,T61962,128,278,20.6,69.35,O1786,34,312,R040,Agt017,67,114,0
2024-01-13 06:00:00,W3,A13,S24,P146,T29599,191,181,19.5,60.8,O5587,37,57,R009,Agt029,87,92,0
2024-01-13 06:10:00,W2,A05,S29,P189,T98842,158,210,19.24,39.53,O4367,21,85,R020,Agt011,29,33,0
2024-01-13 06:20:00,W2,A19,S11,P137,T50629,88,215,22.89,55.13,O8687,46,31,R036,Agt048,116,119,1
2024-01-13 06:30:00,W2,A05,S22,P181,T98121,171,252,26.49,59.83,O9442,5,171,R047,Agt075,50,88,0
2024-01-13 06:40:00,W3,A06,S04,P164,T86558,111,246,19.16,39.03,O8921,47,241,R009,Agt054,25,56,0
2024-01-13 06:50:00,W1,A08,S08,P193,T68312,185,224,21.61,69.52,O5246,34,288,R040,Agt042,40,92,0
2024-01-13 07:00:00,W2,A20,S28,P114,T23174,125,218,26.25,43.31,O9403,46,45,R028,Agt055,80,18,0
2024-01-13 07:10:00,W1,A20,S08,P153,T60273,84,257,27.0,48.04,O4480,19,163,R031,Agt078,50,93,1
2024-01-13 07:20:00,W2,A01,S06,P141,T13640,199,228,19.73,35.02,O2737,38,448,R037,Agt064,35,82,0
2024-01-13 07:30:00,W1,A17,S02,P196,T39243,129,170,19.28,38.11,O5165,22,360,R010,Agt036,115,103,0
2024-01-13 07:40:00,W2,A08,S11,P191,T77099,62,213,21.11,57.73,O6815,15,409,R015,Agt065,110,65,1
2024-01-13 07:50:00,W2,A05,S05,P165,T27143,140,248,23.67,38.65,O8698,5,452,R010,Agt099,87,89,0
2024-01-13 08:00:00,W1,A20,S19,P190,T17331,186,199,24.53,57.16,O6165,39,61,R043,Agt096,3,19,0
2024-01-13 08:10:00,W1,A15,S10,P180,T53794,55,164,20.62,48.15,O8469,40,410,R028,Agt092,57,108,1
2024-01-13 08:20:00,W2,A04,S30,P174,T99911,162,194,21.28,39.24,O3929,25,267,R012,Agt058,25,72,0
2024-01-13 08:30:00,W2,A16,S02,P110,T56646,177,210,22.33,45.94,O6444,49,331,R040,Agt055,54,52,0
2024-01-13 08:40:00,W1,A16,S01,P144,T54311,147,150,21.14,68.08,O6613,28,264,R042,Agt076,45,108,0
2024-01-13 08:50:00,W3,A03,S16,P159,T38458,157,173,23.51,57.58,O9878,21,50,R042,Agt055,109,43,0
2024-01-13 09:00:00,W3,A07,S12,P186,T57534,122,254,24.8,40.48,O1773,17,74,R013,Agt073,101,17,0
2024-01-13 09:10:00,W1,A06,S16,P199,T18243,86,168,18.62,43.36,O2433,11,359,R005,Agt055,118,94,1
2024-01-13 09:20:00,W3,A20,S18,P147,T31395,53,276,27.77,39.14,O4279,21,351,R037,Agt039,94,106,1
2024-01-13 09:30:00,W2,A16,S09,P133,T60762,76,256,18.26,43.47,O3614,14,29,R043,Agt097,14,68,0
2024-01-13 09:40:00,W1,A02,S17,P120,T14420,46,254,23.56,41.89,O8321,45,445,R013,Agt002,60,98,1
2024-01-13 09:50:00,W1,A16,S25,P158,T81435,149,267,22.84,65.16,O4950,17,390,R005,Agt018,89,40,0
2024-01-13 10:00:00,W3,A18,S12,P186,T84106,196,191,26.74,65.46,O1630,14,293,R031,Agt075,32,61,0
2024-01-13 10:10:00,W1,A12,S03,P104,T85922,164,244,25.85,60.72,O9888,21,36,R038,Agt013,104,109,0
2024-01-13 10:20:00,W2,A18,S27,P144,T11468,57,296,18.73,57.73,O6585,15,365,R016,Agt042,19,111,1
2024-01-13 10:30:00,W1,A13,S02,P146,T92669,183,289,21.05,54.54,O5415,30,415,R033,Agt062,25,119,0
2024-01-13 10:40:00,W2,A20,S19,P136,T85499,99,263,20.36,59.86,O2308,2,363,R030,Agt083,91,30,0
2024-01-13 10:50:00,W2,A04,S21,P130,T96462,92,180,20.98,42.5,O2084,30,153,R016,Agt043,11,76,0
2024-01-13 11:00:00,W2,A01,S20,P173,T35814,45,183,20.12,64.31,O9153,30,125,R028,Agt071,62,117,1
2024-01-13 11:10:00,W3,A04,S03,P148,T51480,138,156,26.18,64.72,O3897,37,238,R033,Agt078,3,61,0
2024-01-13 11:20:00,W1,A16,S09,P105,T47005,92,171,23.14,66.43,O6664,43,56,R025,Agt039,6,28,0
2024-01-13 11:30:00,W1,A08,S01,P132,T22015,157,251,24.48,40.41,O7894,14,176,R030,Agt059,17,116,0
2024-01-13 11:40:00,W1,A13,S06,P197,T61315,25,262,20.76,62.94,O7041,7,354,R043,Agt099,77,99,1
2024-01-13 11:50:00,W3,A18,S20,P105,T18359,81,294,23.69,46.72,O4446,36,20,R039,Agt027,101,16,0
2024-01-13 12:00:00,W3,A14,S08,P126,T62058,136,271,22.41,43.65,O5089,37,423,R035,Agt066,12,118,0
2024-01-13 12:10:00,W1,A06,S27,P184,T95391,153,265,24.97,41.16,O3323,18,271,R021,Agt081,29,83,0
2024-01-13 12:20:00,W2,A01,S26,P120,T37402,95,240,24.45,36.19,O9042,30,128,R033,Agt002,19,67,0
2024-01-13 12:30:00,W3,A07,S22,P120,T20292,32,256,26.72,65.68,O2749,2,329,R017,Agt047,29,87,1
2024-01-13 12:40:00,W1,A16,S16,P147,T96870,8,241,22.26,61.47,O4293,2,468,R024,Agt006,26,27,1
2024-01-13 12:50:00,W2,A17,S15,P147,T57806,151,200,25.83,53.66,O4433,11,488,R049,Agt011,38,117,0
2024-01-13 13:00:00,W3,A05,S20,P148,T15639,43,170,26.67,57.11,O8709,1,277,R024,Agt004,115,75,1
2024-01-13 13:10:00,W1,A06,S21,P148,T40832,156,259,24.95,44.29,O9910,4,151,R042,Agt015,8,19,0
2024-01-13 13:20:00,W1,A11,S26,P107,T64027,70,256,20.17,69.89,O6403,18,189,R048,Agt095,76,70,0
2024-01-13 13:30:00,W2,A17,S02,P123,T89269,84,189,20.26,39.6,O9767,47,140,R024,Agt047,109,15,0
2024-01-13 13:40:00,W3,A16,S13,P199,T44985,21,181,26.08,55.15,O8157,28,378,R047,Agt017,118,95,1
2024-01-13 13:50:00,W3,A20,S25,P119,T93000,70,232,21.42,50.05,O4545,12,467,R011,Agt081,27,30,0
2024-01-13 14:00:00,W2,A19,S08,P160,T11669,62,231,27.39,55.98,O5231,31,115,R045,Agt013,41,77,1
2024-01-13 14:10:00,W3,A19,S07,P154,T64649,22,259,22.39,38.12,O3216,20,191,R003,Agt067,38,113,1
2024-01-13 14:20:00,W1,A17,S28,P158,T42719,11,228,23.78,42.23,O9488,6,159,R016,Agt056,116,65,1
2024-01-13 14:30:00,W1,A04,S21,P165,T65223,68,176,23.53,55.13,O2742,2,371,R027,Agt045,81,78,1
2024-01-13 14:40:00,W3,A03,S21,P155,T17360,132,211,26.39,63.86,O2174,14,75,R039,Agt059,112,101,0
2024-01-13 14:50:00,W2,A04,S12,P124,T54918,65,158,22.83,63.2,O1241,48,247,R011,Agt085,22,34,0
2024-01-13 15:00:00,W3,A04,S02,P160,T32642,173,285,21.41,47.45,O1248,34,111,R045,Agt013,96,13,0
2024-01-13 15:10:00,W1,A18,S01,P132,T17357,182,197,19.62,68.17,O4666,11,247,R020,Agt006,88,17,0
2024-01-13 15:20:00,W2,A19,S04,P177,T14300,13,288,25.22,62.34,O5121,46,419,R006,Agt059,42,27,1
2024-01-13 15:30:00,W3,A15,S17,P105,T85731,73,190,25.58,36.88,O2691,6,414,R043,Agt095,10,113,1
2024-01-13 15:40:00,W1,A17,S12,P151,T77569,116,201,25.11,39.66,O4589,42,323,R004,Agt047,92,21,0
2024-01-13 15:50:00,W3,A02,S11,P145,T16593,112,156,27.0,52.67,O7305,49,191,R049,Agt012,94,29,0
2024-01-13 16:00:00,W2,A13,S30,P188,T82184,59,252,23.23,65.49,O9955,8,139,R009,Agt053,101,103,1
2024-01-13 16:10:00,W3,A06,S19,P191,T85984,167,235,25.92,46.8,O8977,28,148,R023,Agt091,93,29,0
2024-01-13 16:20:00,W2,A12,S11,P146,T64317,133,172,24.18,65.42,O4352,32,453,R035,Agt013,89,26,0
2024-01-13 16:30:00,W2,A14,S24,P183,T22373,143,151,21.37,55.51,O6377,4,252,R031,Agt028,34,68,0
2024-01-13 16:40:00,W2,A07,S13,P161,T10754,178,261,23.93,57.17,O8764,47,447,R040,Agt073,83,86,0
2024-01-13 16:50:00,W2,A11,S29,P146,T52791,93,166,22.06,39.29,O7414,26,488,R008,Agt038,116,39,0
2024-01-13 17:00:00,W1,A05,S04,P194,T79825,123,175,23.38,61.91,O6794,9,222,R032,Agt011,107,22,0
2024-01-13 17:10:00,W1,A12,S21,P138,T67384,47,287,23.66,40.42,O3449,16,336,R032,Agt058,55,87,1
2024-01-13 17:20:00,W1,A15,S13,P106,T70420,45,242,20.51,46.91,O8495,22,403,R047,Agt018,81,67,1
2024-01-13 17:30:00,W3,A11,S07,P171,T85606,103,158,26.14,41.48,O7241,12,281,R030,Agt040,107,112,1
2024-01-13 17:40:00,W2,A09,S25,P173,T73976,132,281,22.28,67.78,O6734,23,281,R029,Agt080,87,72,0
2024-01-13 17:50:00,W1,A02,S28,P112,T65743,164,245,18.91,66.76,O2736,6,259,R048,Agt043,92,89,0
2024-01-13 18:00:00,W1,A14,S02,P166,T97376,161,231,19.15,62.35,O5501,34,326,R041,Agt019,87,89,0
2024-01-13 18:10:00,W2,A13,S01,P172,T65272,76,280,20.36,41.24,O1502,6,291,R018,Agt018,114,77,1
2024-01-13 18:20:00,W1,A03,S05,P127,T70567,198,281,25.5,41.26,O7753,40,77,R023,Agt092,20,44,0
2024-01-13 18:30:00,W2,A08,S09,P148,T77416,147,165,24.74,38.23,O4875,11,81,R033,Agt043,88,91,0
2024-01-13 18:40:00,W3,A19,S09,P188,T65035,117,197,27.23,38.17,O2062,33,192,R038,Agt065,59,26,0
2024-01-13 18:50:00,W3,A18,S20,P142,T22579,48,208,25.06,60.94,O3832,36,78,R020,Agt068,100,17,0
2024-01-13 19:00:00,W2,A07,S17,P182,T27144,110,155,22.61,64.55,O5135,45,126,R022,Agt096,11,17,0
2024-01-13 19:10:00,W1,A01,S22,P165,T17096,131,241,27.57,46.41,O7573,5,182,R036,Agt043,86,96,0
2024-01-13 19:20:00,W2,A16,S22,P145,T30602,183,256,23.68,52.64,O8609,13,54,R011,Agt061,92,67,0
2024-01-13 19:30:00,W1,A20,S17,P175,T54461,47,228,26.54,61.26,O5959,41,101,R005,Agt047,67,30,0
2024-01-13 19:40:00,W1,A13,S29,P128,T31889,134,163,24.32,59.23,O2863,22,32,R044,Agt045,108,66,0
2024-01-13 19:50:00,W2,A08,S05,P121,T36641,42,230,27.76,60.16,O6707,49,136,R045,Agt071,109,117,1
2024-01-13 20:00:00,W2,A04,S05,P142,T95499,188,198,21.82,67.22,O3856,30,388,R007,Agt037,69,112,0
2024-01-13 20:10:00,W3,A09,S13,P182,T49568,186,212,27.56,55.1,O5555,4,317,R022,Agt022,4,79,0
2024-01-13 20:20:00,W1,A01,S23,P171,T60026,114,295,24.5,41.04,O8423,39,491,R031,Agt068,111,14,0
2024-01-13 20:30:00,W2,A04,S16,P168,T62438,179,154,20.5,59.01,O5935,43,34,R025,Agt023,10,115,0
2024-01-13 20:40:00,W1,A11,S08,P179,T51115,133,292,19.09,65.64,O4479,24,494,R001,Agt042,70,112,0
2024-01-13 20:50:00,W2,A06,S13,P177,T90896,172,269,24.23,50.12,O2333,1,62,R020,Agt077,67,40,0
2024-01-13 21:00:00,W2,A07,S18,P164,T69351,65,227,25.27,46.28,O2225,2,299,R033,Agt069,5,30,0
2024-01-13 21:10:00,W1,A05,S01,P157,T65144,144,153,25.28,49.33,O9936,18,486,R014,Agt008,110,88,0
2024-01-13 21:20:00,W2,A18,S15,P194,T24979,66,234,18.36,67.42,O3999,48,108,R021,Agt092,112,60,0
2024-01-13 21:30:00,W2,A03,S04,P192,T61952,63,166,19.04,52.38,O8319,39,290,R040,Agt095,99,110,1
2024-01-13 21:40:00,W2,A14,S07,P145,T64426,73,247,22.25,39.27,O2509,29,418,R047,Agt082,116,95,1
2024-01-13 21:50:00,W2,A11,S08,P135,T30946,179,176,23.3,51.4,O6338,15,382,R008,Agt011,83,70,0
2024-01-13 22:00:00,W2,A19,S17,P109,T76302,146,236,25.28,51.64,O7656,6,443,R026,Agt048,64,106,0
2024-01-13 22:10:00,W3,A06,S23,P108,T45023,72,213,19.59,62.77,O8690,36,305,R001,Agt025,37,46,0
2024-01-13 22:20:00,W1,A08,S29,P108,T67244,193,200,27.66,46.19,O9672,40,481,R032,Agt065,97,42,0
2024-01-13 22:30:00,W1,A15,S22,P167,T51126,61,288,23.4,40.77,O6865,42,240,R015,Agt038,44,76,1
2024-01-13 22:40:00,W2,A13,S09,P135,T78529,107,156,25.88,42.49,O5226,15,467,R026,Agt039,99,23,0
2024-01-13 22:50:00,W2,A15,S09,P148,T26554,80,245,18.54,49.93,O8188,30,308,R005,Agt072,20,51,0
2024-01-13 23:00:00,W1,A05,S16,P181,T97470,196,202,21.8,49.39,O8110,4,379,R035,Agt051,66,105,0
2024-01-13 23:10:00,W3,A16,S02,P106,T20882,171,270,24.65,53.23,O6972,12,216,R041,Agt020,47,33,0
2024-01-13 23:20:00,W2,A14,S10,P104,T81520,78,285,27.31,56.04,O8725,31,374,R042,Agt062,95,69,0
2024-01-13 23:30:00,W1,A09,S10,P105,T72554,187,224,21.07,55.14,O5128,14,387,R042,Agt082,99,62,0
2024-01-13 23:40:00,W2,A04,S30,P141,T30013,88,173,25.62,56.26,O5367,25,413,R042,Agt058,24,74,0
2024-01-13 23:50:00,W2,A02,S06,P139,T94199,164,266,25.43,60.63,O6777,36,267,R018,Agt022,74,103,0
2024-01-14 00:00:00,W1,A07,S08,P172,T57118,141,249,27.29,61.66,O6020,25,66,R012,Agt030,23,32,0
2024-01-14 00:10:00,W2,A04,S30,P187,T52747,37,259,24.64,47.8,O6145,44,326,R021,Agt018,25,31,0
2024-01-14 00:20:00,W1,A03,S08,P180,T45279,162,205,22.69,49.9,O7180,3,408,R016,Agt062,105,40,0
2024-01-14 00:30:00,W3,A20,S03,P197,T44777,182,159,27.15,54.51,O7092,44,112,R028,Agt083,110,31,0
2024-01-14 00:40:00,W1,A15,S23,P195,T24352,14,182,26.27,42.72,O6380,22,369,R015,Agt044,109,83,1
2024-01-14 00:50:00,W3,A13,S07,P157,T89690,156,299,26.3,38.7,O7425,23,238,R038,Agt081,105,26,0
2024-01-14 01:00:00,W2,A01,S23,P179,T29695,142,245,19.9,51.5,O7009,38,326,R045,Agt097,47,47,0
2024-01-14 01:10:00,W1,A13,S15,P179,T34980,109,194,21.54,38.99,O4549,26,32,R020,Agt038,98,106,0
2024-01-14 01:20:00,W1,A14,S25,P137,T14033,117,216,26.05,50.67,O8284,1,21,R005,Agt038,11,36,0
2024-01-14 01:30:00,W3,A15,S12,P184,T92367,116,218,21.69,49.75,O8760,31,494,R015,Agt098,43,78,0
2024-01-14 01:40:00,W1,A06,S21,P134,T69540,139,246,22.25,38.58,O1876,29,347,R031,Agt046,62,52,0
2024-01-14 01:50:00,W3,A12,S28,P100,T57609,111,208,23.24,59.78,O1250,23,469,R015,Agt096,95,41,0
2024-01-14 02:00:00,W1,A07,S05,P117,T56216,169,222,25.98,63.72,O2165,34,305,R033,Agt039,96,30,0
2024-01-14 02:10:00,W3,A17,S15,P148,T83938,188,157,21.86,37.58,O3060,7,69,R008,Agt011,112,96,0
2024-01-14 02:20:00,W2,A16,S16,P125,T55785,96,291,18.56,66.14,O8849,13,409,R019,Agt065,90,113,1
2024-01-14 02:30:00,W3,A09,S13,P119,T42852,16,211,27.67,56.48,O4917,29,253,R009,Agt041,51,49,1
2024-01-14 02:40:00,W1,A17,S18,P130,T74943,15,171,22.49,54.68,O5292,7,497,R046,Agt088,6,56,1
2024-01-14 02:50:00,W1,A07,S30,P148,T66145,170,269,24.37,37.74,O6138,23,372,R003,Agt097,91,13,0
2024-01-14 03:00:00,W3,A16,S01,P102,T44994,11,224,23.56,68.81,O1876,8,363,R022,Agt082,70,106,1
2024-01-14 03:10:00,W2,A01,S06,P197,T27042,119,234,19.1,50.25,O3149,32,79,R007,Agt019,84,40,0
2024-01-14 03:20:00,W1,A08,S17,P166,T23565,85,261,20.86,55.29,O8641,23,406,R047,Agt065,66,76,0
2024-01-14 03:30:00,W1,A07,S05,P197,T75977,23,226,22.99,37.7,O2898,46,235,R047,Agt002,78,104,1
2024-01-14 03:40:00,W3,A18,S17,P126,T34654,65,206,20.11,62.0,O5640,44,162,R027,Agt017,19,13,0
2024-01-14 03:50:00,W3,A02,S10,P149,T78063,34,213,25.35,42.58,O1439,20,272,R040,Agt064,93,58,1
2024-01-14 04:00:00,W2,A13,S28,P145,T89753,158,210,21.12,35.94,O5510,3,494,R039,Agt047,30,50,0
2024-01-14 04:10:00,W3,A20,S13,P172,T92288,107,222,23.12,60.0,O1170,38,429,R020,Agt078,83,27,0
2024-01-14 04:20:00,W2,A11,S25,P184,T95388,78,175,25.79,68.66,O6138,19,77,R023,Agt062,9,74,0
2024-01-14 04:30:00,W3,A01,S24,P175,T93053,158,197,25.84,53.26,O9524,32,347,R026,Agt073,71,18,0
2024-01-14 04:40:00,W2,A10,S13,P137,T94908,179,290,23.26,46.78,O5007,23,399,R033,Agt012,27,34,0
2024-01-14 04:50:00,W1,A16,S26,P197,T87991,7,247,23.63,61.56,O7469,25,301,R032,Agt057,92,39,1
2024-01-14 05:00:00,W2,A04,S20,P159,T81954,60,169,20.66,37.42,O4410,5,302,R016,Agt019,62,65,1
2024-01-14 05:10:00,W3,A10,S13,P135,T99127,199,175,21.4,43.01,O4300,39,482,R008,Agt051,16,112,0
2024-01-14 05:20:00,W2,A10,S09,P153,T33939,138,165,25.05,68.25,O7586,36,278,R040,Agt061,29,105,0
2024-01-14 05:30:00,W3,A17,S18,P196,T83594,139,238,21.46,36.99,O3457,32,276,R012,Agt076,113,110,0
2024-01-14 05:40:00,W2,A06,S02,P166,T63594,186,270,19.26,68.27,O4416,23,235,R028,Agt035,43,43,0
2024-01-14 05:50:00,W3,A04,S10,P156,T11424,16,281,19.55,60.93,O2468,20,365,R033,Agt008,37,96,1
2024-01-14 06:00:00,W3,A05,S10,P110,T65818,33,172,22.15,64.99,O1651,5,98,R035,Agt065,3,57,1
2024-01-14 06:10:00,W3,A15,S28,P182,T92356,42,212,25.27,45.44,O5781,42,334,R015,Agt066,91,48,1
2024-01-14 06:20:00,W3,A18,S17,P177,T51760,123,177,25.14,37.43,O8616,9,25,R045,Agt005,101,29,0
2024-01-14 06:30:00,W1,A03,S24,P189,T40632,114,229,27.65,37.52,O3939,15,106,R030,Agt010,25,29,0
2024-01-14 06:40:00,W3,A20,S08,P174,T83658,32,283,20.21,51.54,O4085,9,83,R049,Agt065,111,19,0
2024-01-14 06:50:00,W2,A15,S17,P149,T73114,101,173,26.2,49.71,O5291,22,48,R013,Agt035,41,69,0
2024-01-14 07:00:00,W2,A08,S05,P130,T74764,116,237,21.82,44.18,O9957,43,96,R038,Agt039,5,13,0
2024-01-14 07:10:00,W1,A16,S29,P168,T16704,44,286,20.0,66.68,O8480,19,33,R041,Agt064,8,35,0
2024-01-14 07:20:00,W1,A16,S29,P167,T83157,192,173,25.42,47.62,O6536,15,98,R038,Agt009,79,109,0
2024-01-14 07:30:00,W2,A10,S19,P120,T64674,16,177,26.18,49.78,O1662,35,287,R026,Agt005,82,26,1
2024-01-14 07:40:00,W1,A13,S27,P145,T20951,41,250,25.45,49.86,O1550,18,166,R021,Agt036,3,10,0
2024-01-14 07:50:00,W3,A06,S14,P121,T92201,61,278,27.96,59.04,O9208,6,422,R047,Agt010,56,112,1
2024-01-14 08:00:00,W2,A19,S19,P150,T65852,164,261,21.27,56.84,O6730,23,212,R005,Agt043,72,63,0
2024-01-14 08:10:00,W2,A03,S04,P147,T56874,140,153,18.6,51.38,O6135,41,227,R026,Agt040,72,106,0
2024-01-14 08:20:00,W2,A12,S15,P196,T36888,18,254,26.42,51.39,O9498,12,299,R017,Agt006,91,12,0
2024-01-14 08:30:00,W3,A01,S22,P162,T33180,140,214,18.43,35.91,O2060,30,194,R022,Agt008,59,100,0
2024-01-14 08:40:00,W2,A13,S10,P164,T89001,139,165,26.07,68.15,O4811,7,46,R002,Agt052,69,43,0
2024-01-14 08:50:00,W3,A15,S19,P103,T26000,100,229,19.21,57.75,O9164,21,329,R034,Agt030,95,29,0
2024-01-14 09:00:00,W2,A02,S20,P151,T23185,39,166,20.3,66.5,O3504,25,476,R049,Agt005,114,52,1
2024-01-14 09:10:00,W3,A09,S19,P150,T45305,142,240,21.11,64.84,O5630,27,189,R044,Agt077,90,45,0
2024-01-14 09:20:00,W3,A08,S12,P152,T33453,148,261,19.08,48.09,O5313,16,245,R039,Agt010,111,110,0
2024-01-14 09:30:00,W3,A19,S23,P144,T38747,133,229,18.65,60.97,O8634,20,204,R017,Agt054,107,29,0
2024-01-14 09:40:00,W1,A07,S14,P173,T38210,163,214,22.55,46.94,O9865,25,25,R029,Agt099,45,114,0
2024-01-14 09:50:00,W2,A17,S28,P103,T40664,198,182,26.65,52.05,O8431,13,39,R025,Agt056,38,80,0
2024-01-14 10:00:00,W1,A17,S10,P171,T96746,6,155,22.7,40.34,O8863,4,85,R036,Agt010,104,95,1
2024-01-14 10:10:00,W2,A09,S24,P132,T62208,126,239,25.21,37.69,O4394,27,293,R006,Agt078,21,80,0
2024-01-14 10:20:00,W1,A14,S16,P188,T65916,114,248,21.93,40.23,O9904,47,188,R014,Agt079,37,35,0
2024-01-14 10:30:00,W2,A01,S12,P113,T28443,32,164,24.41,57.43,O8420,16,385,R006,Agt028,8,43,1
2024-01-14 10:40:00,W1,A07,S23,P104,T97699,69,252,27.51,69.43,O8701,19,146,R044,Agt005,28,72,1
2024-01-14 10:50:00,W2,A17,S16,P184,T11719,42,162,25.12,45.05,O9823,19,49,R020,Agt051,88,56,1
2024-01-14 11:00:00,W2,A07,S30,P174,T64093,49,236,18.43,44.88,O2611,49,202,R011,Agt026,100,105,1
2024-01-14 11:10:00,W1,A10,S12,P122,T75651,125,258,21.26,37.3,O8114,23,464,R031,Agt039,90,14,0
2024-01-14 11:20:00,W1,A06,S26,P157,T69231,54,298,18.08,40.5,O3173,33,407,R020,Agt040,49,39,0
2024-01-14 11:30:00,W1,A17,S07,P169,T66103,198,215,19.69,60.95,O5331,26,150,R027,Agt076,5,59,0
2024-01-14 11:40:00,W2,A07,S06,P195,T96410,177,285,23.15,42.31,O4629,8,66,R022,Agt007,84,53,0
2024-01-14 11:50:00,W2,A02,S18,P123,T13666,57,273,23.84,45.04,O9938,25,407,R031,Agt017,15,113,1
2024-01-14 12:00:00,W2,A09,S26,P104,T61038,157,275,27.96,46.51,O9261,44,350,R022,Agt091,68,85,0
2024-01-14 12:10:00,W2,A10,S21,P155,T52122,187,253,27.11,47.91,O2519,29,142,R049,Agt078,16,22,0
2024-01-14 12:20:00,W2,A11,S07,P196,T68886,123,180,22.6,36.38,O6839,24,248,R001,Agt031,40,97,0
2024-01-14 12:30:00,W3,A08,S30,P114,T95650,113,256,25.9,61.48,O7788,4,352,R043,Agt005,14,66,0
2024-01-14 12:40:00,W1,A09,S12,P183,T29881,198,254,18.13,54.14,O1209,3,245,R040,Agt079,6,58,0
2024-01-14 12:50:00,W1,A12,S19,P107,T73112,52,280,27.66,35.56,O9747,34,309,R041,Agt040,95,67,1
2024-01-14 13:00:00,W3,A16,S18,P164,T30451,139,299,27.06,56.99,O4722,7,461,R018,Agt063,6,17,0
2024-01-14 13:10:00,W3,A19,S22,P170,T28085,172,203,19.26,39.5,O6695,35,170,R027,Agt043,17,56,0
2024-01-14 13:20:00,W3,A05,S27,P106,T98229,91,261,24.34,49.12,O3271,20,405,R030,Agt025,14,93,1
2024-01-14 13:30:00,W3,A15,S07,P131,T88297,125,205,23.88,65.48,O4532,10,313,R015,Agt005,31,32,0
2024-01-14 13:40:00,W3,A15,S01,P157,T16404,13,192,21.29,62.22,O9671,27,190,R038,Agt078,99,100,1
2024-01-14 13:50:00,W2,A10,S30,P128,T65300,184,193,23.33,56.23,O8957,8,32,R015,Agt090,56,57,0
2024-01-14 14:00:00,W2,A07,S28,P146,T47203,196,252,19.69,44.62,O2033,9,333,R036,Agt095,59,33,0
2024-01-14 14:10:00,W1,A04,S19,P108,T79221,18,227,19.64,36.33,O3171,39,429,R044,Agt052,82,101,1
2024-01-14 14:20:00,W2,A02,S09,P110,T64813,39,237,24.99,69.81,O8527,7,62,R049,Agt020,86,56,1
2024-01-14 14:30:00,W2,A08,S23,P194,T24973,165,241,23.46,52.45,O4762,4,232,R045,Agt055,97,98,0
2024-01-14 14:40:00,W1,A14,S21,P187,T13768,69,201,18.41,37.33,O4174,49,100,R040,Agt047,113,89,1
2024-01-14 14:50:00,W1,A13,S27,P114,T49685,106,172,19.34,65.99,O1311,13,148,R031,Agt060,51,94,0
2024-01-14 15:00:00,W3,A01,S04,P167,T60902,109,157,25.14,67.01,O2866,10,159,R041,Agt077,6,25,0
2024-01-14 15:10:00,W2,A01,S22,P121,T78603,154,164,20.04,47.68,O6138,3,396,R022,Agt010,44,54,0
2024-01-14 15:20:00,W1,A10,S10,P171,T52665,191,251,24.08,39.43,O6212,32,439,R035,Agt028,80,115,0
2024-01-14 15:30:00,W1,A18,S16,P164,T19203,167,218,22.56,62.37,O9234,22,254,R019,Agt099,86,83,0
2024-01-14 15:40:00,W1,A20,S15,P198,T86046,20,272,27.65,38.75,O1475,48,63,R045,Agt012,88,31,1
2024-01-14 15:50:00,W2,A14,S06,P185,T60933,95,179,20.9,65.67,O8636,7,410,R011,Agt078,102,44,0
2024-01-14 16:00:00,W3,A01,S02,P142,T87154,66,208,19.7,46.42,O3814,14,47,R024,Agt092,72,73,1
2024-01-14 16:10:00,W1,A16,S15,P122,T58538,6,172,23.41,44.8,O7505,46,339,R020,Agt052,59,113,1
2024-01-14 16:20:00,W3,A20,S18,P152,T17113,136,284,18.67,43.84,O7499,41,72,R021,Agt073,65,50,0
2024-01-14 16:30:00,W2,A15,S05,P165,T81821,198,209,22.43,63.02,O5471,5,281,R017,Agt009,52,26,0
2024-01-14 16:40:00,W3,A08,S03,P199,T44310,62,171,18.62,43.05,O5047,42,56,R044,Agt034,66,106,1
2024-01-14 16:50:00,W2,A08,S16,P128,T14872,54,244,23.93,40.1,O4375,27,388,R009,Agt084,102,34,0
2024-01-14 17:00:00,W1,A06,S16,P124,T16100,94,205,26.18,51.01,O2255,18,484,R012,Agt019,69,77,0
2024-01-14 17:10:00,W2,A14,S25,P110,T89144,67,172,25.37,62.19,O6461,5,186,R016,Agt051,3,86,1
2024-01-14 17:20:00,W3,A08,S19,P101,T96516,162,218,19.28,56.28,O9212,36,460,R005,Agt088,86,97,0
2024-01-14 17:30:00,W1,A19,S17,P183,T25459,138,154,25.29,43.53,O7258,41,54,R035,Agt041,1,81,0
2024-01-14 17:40:00,W2,A04,S20,P191,T23774,139,254,19.7,53.28,O4159,21,142,R023,Agt037,98,54,0
2024-01-14 17:50:00,W3,A15,S17,P189,T10896,134,297,23.21,59.06,O8274,43,447,R016,Agt015,34,16,0
2024-01-14 18:00:00,W2,A12,S13,P128,T44212,183,183,21.87,37.46,O8384,31,238,R025,Agt032,19,80,0
2024-01-14 18:10:00,W3,A08,S01,P113,T89216,140,181,18.08,41.55,O3242,40,249,R007,Agt013,19,110,0
2024-01-14 18:20:00,W3,A03,S15,P179,T79783,52,197,26.26,50.08,O6007,8,236,R018,Agt092,50,104,1
2024-01-14 18:30:00,W1,A16,S09,P114,T76085,85,278,24.33,62.33,O6636,21,254,R032,Agt037,65,63,0
2024-01-14 18:40:00,W1,A02,S26,P160,T79789,69,223,24.86,44.98,O6597,8,302,R043,Agt016,23,101,1
2024-01-14 18:50:00,W2,A11,S24,P183,T19315,55,256,18.24,47.04,O5840,21,378,R036,Agt037,110,34,0
2024-01-14 19:00:00,W3,A17,S09,P165,T53557,9,297,20.61,47.37,O8098,47,87,R001,Agt037,18,54,1
2024-01-14 19:10:00,W1,A07,S30,P199,T72152,129,295,23.03,36.62,O8156,44,98,R024,Agt047,81,115,0
2024-01-14 19:20:00,W1,A19,S27,P197,T33586,166,281,20.11,51.83,O9322,14,109,R039,Agt047,95,75,0
2024-01-14 19:30:00,W1,A19,S18,P122,T10481,83,223,24.03,65.01,O1315,3,75,R001,Agt001,5,82,0
2024-01-14 19:40:00,W2,A01,S12,P149,T10700,24,156,22.28,66.76,O1870,47,375,R035,Agt048,83,12,0
2024-01-14 19:50:00,W3,A15,S27,P160,T61257,138,289,26.3,61.64,O8948,13,245,R026,Agt053,96,99,0
2024-01-14 20:00:00,W2,A01,S23,P158,T31243,197,202,21.15,44.56,O6440,8,406,R020,Agt035,88,16,0
2024-01-14 20:10:00,W1,A07,S02,P189,T68363,11,266,18.49,36.7,O4876,10,298,R025,Agt099,47,31,1
2024-01-14 20:20:00,W3,A17,S27,P127,T15538,150,162,27.66,64.58,O9414,32,227,R049,Agt082,96,94,0
2024-01-14 20:30:00,W1,A19,S12,P182,T95045,17,245,22.69,55.4,O8874,29,57,R040,Agt067,84,53,1
2024-01-14 20:40:00,W3,A10,S23,P126,T66477,15,220,25.43,48.01,O2449,20,347,R019,Agt093,75,82,1
2024-01-14 20:50:00,W3,A03,S07,P140,T59275,60,229,27.57,39.5,O6428,23,61,R018,Agt079,18,50,0
2024-01-14 21:00:00,W1,A13,S14,P132,T61644,189,270,19.19,41.35,O7163,16,116,R003,Agt046,15,82,0
2024-01-14 21:10:00,W2,A13,S19,P134,T73200,122,166,20.67,69.96,O1750,45,382,R027,Agt038,74,42,0
2024-01-14 21:20:00,W3,A16,S18,P129,T41317,188,252,18.21,56.5,O3420,47,117,R019,Agt097,72,72,0
2024-01-14 21:30:00,W3,A05,S15,P188,T39171,66,275,25.82,64.54,O9154,7,289,R019,Agt068,67,25,0
2024-01-14 21:40:00,W2,A10,S23,P144,T36051,163,233,25.38,63.33,O2927,46,306,R033,Agt012,50,51,0
2024-01-14 21:50:00,W1,A18,S28,P141,T67979,169,266,25.14,60.27,O7478,10,68,R044,Agt065,62,97,0
2024-01-14 22:00:00,W2,A01,S20,P136,T32415,15,229,23.94,57.82,O7996,11,212,R042,Agt040,41,107,1
2024-01-14 22:10:00,W1,A07,S28,P177,T15018,151,265,26.75,41.59,O9832,14,334,R003,Agt049,91,101,0
2024-01-14 22:20:00,W1,A02,S05,P141,T49620,139,213,21.42,46.57,O5651,33,173,R008,Agt044,30,10,0
2024-01-14 22:30:00,W2,A09,S12,P156,T60933,34,298,19.63,46.77,O3103,10,105,R046,Agt038,78,61,1
2024-01-14 22:40:00,W3,A04,S06,P134,T20093,10,251,25.42,68.35,O2876,8,141,R009,Agt042,111,110,1
2024-01-14 22:50:00,W2,A08,S04,P168,T24898,97,244,23.52,40.93,O8280,25,106,R034,Agt069,96,14,0
2024-01-14 23:00:00,W3,A06,S13,P191,T81910,38,176,21.17,59.91,O8150,6,472,R041,Agt082,35,43,1
2024-01-14 23:10:00,W3,A04,S23,P118,T48913,157,159,25.14,39.1,O2435,43,419,R041,Agt077,107,62,0
2024-01-14 23:20:00,W1,A08,S17,P113,T29629,52,184,21.82,36.14,O1319,46,439,R039,Agt035,55,13,0
2024-01-14 23:30:00,W3,A08,S24,P170,T27739,153,280,19.82,65.34,O3295,28,89,R047,Agt094,1,22,0
2024-01-14 23:40:00,W1,A14,S23,P122,T19469,25,204,21.78,46.86,O7970,29,86,R014,Agt050,18,85,1
2024-01-14 23:50:00,W3,A01,S09,P176,T86713,145,294,24.25,40.32,O6704,27,29,R045,Agt054,87,99,0
2024-01-15 00:00:00,W3,A03,S22,P138,T84905,121,159,20.05,63.1,O2464,3,467,R042,Agt011,59,54,0
2024-01-15 00:10:00,W3,A06,S11,P157,T95974,11,257,23.28,62.24,O5004,47,458,R038,Agt093,46,88,1
2024-01-15 00:20:00,W1,A18,S05,P132,T86547,195,294,21.22,65.23,O7587,7,197,R018,Agt041,44,113,0
2024-01-15 00:30:00,W2,A09,S17,P112,T91202,25,297,21.74,43.26,O9976,2,317,R024,Agt083,43,54,1
2024-01-15 00:40:00,W1,A07,S08,P177,T19853,9,265,18.22,63.47,O9105,5,228,R031,Agt065,110,18,1
2024-01-15 00:50:00,W2,A08,S01,P134,T89097,32,232,23.84,59.69,O9588,30,437,R040,Agt040,82,74,1
2024-01-15 01:00:00,W3,A11,S04,P158,T40513,50,176,21.22,55.14,O5558,14,336,R041,Agt082,77,94,1
2024-01-15 01:10:00,W3,A05,S13,P136,T11438,50,167,25.44,37.56,O4628,43,345,R035,Agt014,40,32,0
2024-01-15 01:20:00,W3,A05,S20,P150,T50518,75,268,27.88,57.09,O1609,23,151,R046,Agt036,18,94,1
2024-01-15 01:30:00,W1,A07,S11,P144,T62359,118,246,22.43,45.42,O5280,17,203,R029,Agt038,62,71,0
2024-01-15 01:40:00,W2,A06,S15,P109,T43459,79,238,25.86,49.12,O9294,48,469,R019,Agt045,21,80,1
2024-01-15 01:50:00,W2,A09,S03,P137,T75590,38,295,25.33,52.09,O7069,9,37,R036,Agt065,100,81,1
2024-01-15 02:00:00,W2,A03,S01,P102,T49618,112,265,23.94,45.22,O8915,30,495,R040,Agt019,49,83,0
2024-01-15 02:10:00,W2,A14,S19,P133,T22211,181,219,21.31,40.6,O7392,10,375,R028,Agt066,87,35,0
2024-01-15 02:20:00,W3,A10,S24,P185,T18357,120,277,20.11,68.16,O2784,35,60,R005,Agt096,91,44,0
2024-01-15 02:30:00,W2,A14,S25,P184,T87587,45,194,22.22,65.12,O4985,42,204,R027,Agt044,19,105,1
2024-01-15 02:40:00,W1,A04,S12,P103,T76981,152,283,25.11,51.64,O8481,5,205,R031,Agt079,57,35,0
2024-01-15 02:50:00,W2,A15,S16,P129,T94622,127,269,27.91,52.77,O4082,8,158,R018,Agt078,28,34,0
2024-01-15 03:00:00,W3,A08,S03,P154,T86444,93,263,23.97,63.51,O8695,40,300,R005,Agt048,83,101,1
2024-01-15 03:10:00,W2,A20,S29,P141,T52538,122,204,24.6,46.04,O4894,13,482,R018,Agt060,89,13,0
2024-01-15 03:20:00,W2,A08,S13,P101,T85082,151,183,20.58,54.35,O9190,12,362,R009,Agt047,77,75,0
2024-01-15 03:30:00,W2,A12,S07,P104,T70170,88,258,19.03,54.35,O2529,5,44,R014,Agt024,36,20,0
2024-01-15 03:40:00,W1,A12,S12,P144,T78430,60,192,19.06,40.56,O8861,12,249,R044,Agt075,54,12,0
2024-01-15 03:50:00,W3,A20,S16,P197,T21426,199,296,18.11,47.96,O5300,20,190,R017,Agt073,28,105,0
2024-01-15 04:00:00,W3,A06,S26,P170,T46465,112,182,20.52,67.7,O4114,48,228,R007,Agt033,74,95,0
2024-01-15 04:10:00,W2,A09,S03,P145,T89383,87,150,18.69,37.82,O7970,1,234,R013,Agt023,99,31,0
2024-01-15 04:20:00,W2,A17,S25,P133,T38051,81,173,23.01,60.8,O8759,38,337,R042,Agt043,4,68,0
2024-01-15 04:30:00,W3,A18,S20,P167,T84846,117,256,26.39,64.94,O1492,5,327,R018,Agt047,102,67,0
2024-01-15 04:40:00,W2,A02,S06,P120,T78286,166,199,19.51,63.93,O9037,3,444,R029,Agt022,58,54,0
2024-01-15 04:50:00,W2,A07,S06,P176,T35964,152,226,26.7,57.58,O2826,37,42,R033,Agt096,44,75,0
2024-01-15 05:00:00,W2,A13,S09,P107,T43589,27,298,23.51,47.26,O3615,35,218,R015,Agt050,22,99,1
2024-01-15 05:10:00,W3,A15,S25,P145,T41031,13,257,24.32,58.19,O5542,2,309,R036,Agt069,108,16,1
2024-01-15 05:20:00,W1,A04,S26,P110,T38774,193,204,25.05,61.8,O7238,11,207,R019,Agt067,33,93,0
2024-01-15 05:30:00,W1,A19,S03,P164,T20472,103,248,27.92,51.64,O3130,28,53,R031,Agt034,31,90,0
2024-01-15 05:40:00,W3,A13,S05,P161,T99676,40,198,22.67,55.69,O7898,16,403,R045,Agt033,86,78,1
2024-01-15 05:50:00,W3,A04,S25,P121,T61621,176,243,23.7,48.48,O9993,4,266,R027,Agt026,6,93,0
2024-01-15 06:00:00,W1,A04,S17,P134,T85514,184,286,18.52,43.21,O4240,19,463,R023,Agt053,36,108,0
2024-01-15 06:10:00,W2,A14,S09,P182,T95385,150,272,18.8,66.62,O3073,19,257,R013,Agt083,68,15,0
2024-01-15 06:20:00,W2,A09,S23,P139,T58876,107,225,20.0,58.4,O8627,1,58,R006,Agt030,25,30,0
2024-01-15 06:30:00,W2,A12,S28,P121,T74017,154,185,20.91,66.78,O9030,3,317,R005,Agt042,96,103,0
2024-01-15 06:40:00,W3,A08,S14,P107,T45743,23,168,18.86,47.72,O6753,34,332,R027,Agt049,8,107,1
2024-01-15 06:50:00,W2,A01,S25,P148,T42765,96,229,27.95,50.78,O8352,3,41,R039,Agt017,16,32,0
2024-01-15 07:00:00,W3,A02,S19,P124,T19780,163,226,18.28,57.33,O8228,48,233,R033,Agt043,46,79,0
2024-01-15 07:10:00,W3,A07,S28,P169,T97880,113,270,25.43,68.05,O6788,17,169,R025,Agt002,87,95,0
2024-01-15 07:20:00,W2,A20,S26,P115,T18546,152,297,19.3,55.21,O1018,17,165,R038,Agt092,89,52,0
2024-01-15 07:30:00,W3,A11,S16,P137,T87065,8,246,19.75,44.13,O5620,28,93,R020,Agt039,63,115,1
2024-01-15 07:40:00,W1,A04,S18,P177,T92198,8,235,26.46,67.04,O3257,23,81,R036,Agt005,110,40,1
2024-01-15 07:50:00,W3,A13,S11,P121,T15817,38,215,20.91,63.82,O5063,12,170,R047,Agt067,31,84,1
2024-01-15 08:00:00,W1,A16,S02,P151,T38692,8,258,25.05,54.7,O8086,48,179,R040,Agt036,95,85,1
2024-01-15 08:10:00,W2,A18,S15,P171,T79017,6,272,24.43,60.85,O1929,18,78,R019,Agt004,60,81,1
2024-01-15 08:20:00,W1,A08,S11,P106,T56535,144,233,25.72,48.37,O4457,37,223,R008,Agt053,30,25,0
2024-01-15 08:30:00,W2,A01,S27,P176,T43556,32,245,18.09,52.12,O4427,12,97,R010,Agt067,21,30,0
2024-01-15 08:40:00,W2,A16,S15,P184,T82437,38,271,21.21,53.23,O3258,19,397,R007,Agt083,26,10,0
2024-01-15 08:50:00,W2,A02,S21,P159,T73993,79,210,25.4,67.63,O3013,42,477,R027,Agt095,4,65,0
2024-01-15 09:00:00,W3,A17,S19,P131,T20090,162,297,23.97,61.77,O2892,22,181,R031,Agt064,101,54,0
2024-01-15 09:10:00,W1,A15,S06,P174,T25910,34,231,24.74,38.69,O4874,29,404,R041,Agt021,100,78,1
2024-01-15 09:20:00,W3,A18,S01,P183,T45925,85,265,22.23,37.66,O3089,47,93,R011,Agt035,65,45,0
2024-01-15 09:30:00,W1,A06,S27,P106,T61436,17,153,20.31,48.89,O8476,20,81,R019,Agt082,98,27,1
2024-01-15 09:40:00,W1,A05,S04,P186,T75457,58,200,18.55,63.93,O5833,21,64,R009,Agt017,19,22,0
2024-01-15 09:50:00,W2,A04,S19,P173,T65064,99,243,18.9,63.12,O9113,4,380,R028,Agt057,73,47,0
2024-01-15 10:00:00,W1,A12,S18,P142,T18804,35,239,21.24,52.41,O2907,44,286,R049,Agt071,72,101,1
2024-01-15 10:10:00,W1,A09,S12,P147,T33515,91,289,19.39,39.46,O1176,25,154,R020,Agt064,77,47,0
2024-01-15 10:20:00,W3,A14,S06,P194,T51418,171,279,18.62,43.12,O6940,22,223,R038,Agt062,86,36,0
2024-01-15 10:30:00,W2,A09,S22,P100,T11092,184,272,18.19,54.38,O5529,13,178,R026,Agt093,95,23,0
2024-01-15 10:40:00,W2,A16,S07,P193,T98224,70,230,24.21,53.88,O3676,14,225,R049,Agt057,23,31,0
2024-01-15 10:50:00,W1,A15,S10,P186,T57526,64,278,20.78,58.62,O1949,31,145,R006,Agt059,18,11,0
2024-01-15 11:00:00,W2,A17,S12,P154,T93076,184,200,27.55,51.04,O3879,10,53,R012,Agt029,94,65,0
2024-01-15 11:10:00,W1,A01,S10,P192,T73237,183,268,27.32,53.17,O2372,35,313,R039,Agt063,103,41,0
2024-01-15 11:20:00,W2,A03,S22,P134,T49547,48,183,20.66,35.4,O7962,16,113,R025,Agt083,39,81,1
2024-01-15 11:30:00,W3,A06,S10,P108,T17022,33,287,25.86,67.58,O7632,32,247,R030,Agt050,33,42,1
2024-01-15 11:40:00,W3,A06,S06,P181,T35578,158,219,23.5,58.86,O2560,2,209,R019,Agt082,67,77,0
2024-01-15 11:50:00,W1,A04,S18,P110,T23966,146,215,27.33,54.17,O1688,38,196,R013,Agt084,116,113,0
2024-01-15 12:00:00,W2,A18,S27,P149,T36147,60,276,22.8,56.2,O2223,36,323,R030,Agt080,30,112,1
2024-01-15 12:10:00,W2,A06,S20,P149,T35343,146,189,24.72,52.14,O4377,34,71,R043,Agt060,102,13,0
2024-01-15 12:20:00,W2,A13,S23,P151,T70610,9,152,22.1,36.89,O1689,30,473,R046,Agt004,79,11,1
2024-01-15 12:30:00,W2,A10,S12,P148,T44184,13,212,24.54,35.54,O3149,38,99,R021,Agt088,29,27,1
2024-01-15 12:40:00,W3,A07,S14,P158,T70174,141,233,24.4,46.48,O2734,44,450,R006,Agt045,113,65,0
2024-01-15 12:50:00,W1,A14,S18,P182,T60121,75,210,23.79,52.86,O2582,41,227,R035,Agt091,86,95,1
2024-01-15 13:00:00,W1,A02,S29,P168,T37627,79,296,21.61,48.33,O6988,6,60,R032,Agt045,99,119,1
2024-01-15 13:10:00,W1,A09,S26,P109,T63655,140,150,24.77,69.98,O5241,2,467,R043,Agt076,103,106,0
2024-01-15 13:20:00,W1,A03,S13,P188,T45746,147,195,18.71,54.59,O6730,5,330,R049,Agt021,18,35,0
2024-01-15 13:30:00,W3,A08,S22,P181,T39959,151,283,25.4,60.63,O7402,8,181,R047,Agt085,94,64,0
2024-01-15 13:40:00,W3,A01,S27,P172,T10227,165,266,23.7,56.31,O7737,28,176,R007,Agt036,101,17,0
2024-01-15 13:50:00,W2,A13,S17,P190,T63488,89,295,19.42,55.49,O3500,20,163,R003,Agt066,59,85,0
2024-01-15 14:00:00,W1,A08,S13,P198,T72813,54,286,20.05,49.5,O7612,17,337,R039,Agt089,15,42,0
2024-01-15 14:10:00,W3,A08,S19,P182,T68322,32,197,18.56,45.33,O9672,15,85,R025,Agt090,100,55,1
2024-01-15 14:20:00,W1,A19,S04,P195,T33217,151,259,18.42,64.89,O7411,11,131,R020,Agt093,12,51,0
2024-01-15 14:30:00,W2,A08,S21,P174,T99190,92,199,18.39,62.19,O8029,27,389,R044,Agt002,76,24,0
2024-01-15 14:40:00,W1,A05,S02,P153,T97512,171,244,26.66,46.15,O3688,1,130,R035,Agt066,117,69,0
2024-01-15 14:50:00,W3,A16,S03,P132,T85450,103,160,26.16,57.41,O4680,16,234,R007,Agt018,83,50,0
2024-01-15 15:00:00,W1,A04,S10,P177,T80905,165,260,25.95,41.8,O3851,16,269,R036,Agt005,51,75,0
2024-01-15 15:10:00,W3,A05,S29,P145,T20880,55,229,23.46,61.11,O1181,20,450,R022,Agt058,36,76,1
2024-01-15 15:20:00,W2,A08,S15,P141,T43897,170,247,22.86,60.27,O3022,12,445,R018,Agt092,33,112,0
2024-01-15 15:30:00,W3,A05,S23,P161,T63177,62,193,22.62,52.37,O1755,4,399,R026,Agt024,54,70,1
2024-01-15 15:40:00,W2,A01,S10,P108,T87744,94,266,25.06,39.63,O7822,21,253,R017,Agt039,89,19,0
2024-01-15 15:50:00,W2,A03,S01,P167,T49717,68,163,21.44,56.84,O4272,36,214,R038,Agt050,25,111,1
2024-01-15 16:00:00,W2,A19,S29,P160,T37522,7,271,19.05,53.75,O3761,26,58,R041,Agt059,27,87,1
2024-01-15 16:10:00,W3,A06,S10,P133,T59685,157,217,25.94,51.88,O7212,14,23,R021,Agt026,100,32,0
2024-01-15 16:20:00,W2,A04,S11,P173,T71830,18,249,25.68,56.27,O7181,14,395,R010,Agt010,55,46,1
2024-01-15 16:30:00,W1,A07,S27,P144,T35404,12,226,21.22,54.34,O5101,31,489,R021,Agt032,47,35,1
2024-01-15 16:40:00,W1,A02,S16,P174,T33998,134,255,26.26,67.21,O2353,1,439,R046,Agt098,63,49,0
2024-01-15 16:50:00,W3,A02,S21,P161,T10066,53,184,23.11,40.26,O3003,5,216,R048,Agt017,99,117,1
2024-01-15 17:00:00,W2,A10,S16,P158,T44180,137,188,25.97,39.25,O2426,3,348,R016,Agt001,54,94,0
2024-01-15 17:10:00,W1,A15,S17,P156,T23247,48,243,25.79,46.3,O9723,36,180,R021,Agt099,20,90,1
2024-01-15 17:20:00,W3,A15,S18,P119,T20458,66,250,19.84,58.28,O8778,12,397,R007,Agt058,118,13,0
2024-01-15 17:30:00,W1,A16,S30,P194,T73424,117,174,21.39,63.52,O8948,48,375,R030,Agt029,72,22,0
2024-01-15 17:40:00,W1,A05,S21,P190,T86911,142,167,26.59,53.29,O4761,31,480,R015,Agt067,66,12,0
2024-01-15 17:50:00,W3,A01,S01,P176,T49785,92,285,22.39,45.35,O7360,34,278,R007,Agt015,108,109,1
2024-01-15 18:00:00,W2,A05,S18,P181,T42986,49,244,23.19,65.63,O2984,18,403,R007,Agt045,90,62,1
2024-01-15 18:10:00,W1,A10,S24,P176,T18713,90,184,18.4,40.08,O5436,8,115,R009,Agt010,99,111,1
2024-01-15 18:20:00,W3,A18,S20,P125,T18475,146,168,18.65,38.15,O5950,31,493,R022,Agt084,26,98,0
2024-01-15 18:30:00,W2,A10,S25,P124,T93592,27,216,25.65,49.08,O4793,35,382,R021,Agt019,89,102,1
2024-01-15 18:40:00,W2,A14,S06,P156,T72755,163,266,25.04,69.35,O4980,6,316,R014,Agt078,13,77,0
2024-01-15 18:50:00,W1,A12,S07,P115,T51388,29,232,27.79,40.69,O6437,7,372,R009,Agt054,77,107,1
2024-01-15 19:00:00,W2,A01,S06,P183,T35611,147,168,21.16,42.07,O8196,13,270,R003,Agt088,110,34,0
2024-01-15 19:10:00,W2,A04,S30,P116,T61827,8,219,19.12,39.65,O5420,13,170,R035,Agt005,43,92,1
2024-01-15 19:20:00,W3,A16,S11,P192,T64581,122,170,22.66,38.7,O3752,22,410,R026,Agt002,2,44,0
2024-01-15 19:30:00,W1,A09,S13,P174,T28223,103,292,25.92,41.05,O6970,28,29,R020,Agt058,42,68,0
2024-01-15 19:40:00,W2,A13,S11,P141,T88942,136,239,20.35,60.03,O9464,42,476,R029,Agt020,40,99,0
2024-01-15 19:50:00,W1,A05,S24,P168,T51356,29,269,20.13,50.07,O9057,38,336,R038,Agt045,40,22,0
2024-01-15 20:00:00,W1,A12,S03,P142,T78701,32,283,26.0,44.94,O5346,43,331,R041,Agt016,61,45,1
2024-01-15 20:10:00,W1,A02,S30,P187,T67459,127,223,27.87,49.96,O4486,2,297,R037,Agt007,18,98,0
2024-01-15 20:20:00,W3,A15,S18,P193,T12492,71,226,21.02,41.26,O6784,23,427,R014,Agt094,38,86,1
2024-01-15 20:30:00,W1,A09,S30,P181,T87927,103,247,22.77,38.02,O5690,32,359,R012,Agt045,65,108,1
2024-01-15 20:40:00,W2,A20,S22,P168,T36587,23,207,20.62,54.68,O7797,7,425,R003,Agt060,63,66,1
2024-01-15 20:50:00,W3,A01,S11,P127,T64418,38,212,24.69,64.22,O8317,10,476,R002,Agt028,70,80,1
2024-01-15 21:00:00,W3,A11,S18,P135,T83178,127,240,23.45,50.77,O2553,13,291,R038,Agt083,49,45,0
2024-01-15 21:10:00,W1,A16,S11,P107,T89121,191,260,18.72,49.72,O5661,5,266,R044,Agt071,36,63,0
2024-01-15 21:20:00,W1,A07,S12,P162,T56854,125,185,19.03,63.51,O3342,22,103,R012,Agt005,99,72,0
2024-01-15 21:30:00,W1,A08,S18,P137,T28337,95,254,21.66,61.12,O1095,19,214,R002,Agt012,117,17,0
2024-01-15 21:40:00,W1,A08,S06,P182,T96592,166,215,23.47,53.5,O9577,21,315,R009,Agt002,49,90,0
2024-01-15 21:50:00,W1,A14,S25,P199,T37784,105,282,26.77,53.07,O6921,30,166,R022,Agt066,107,115,1
2024-01-15 22:00:00,W2,A05,S26,P163,T73704,107,290,20.43,59.3,O1508,3,136,R038,Agt063,44,12,0
2024-01-15 22:10:00,W2,A16,S06,P187,T25341,179,154,21.43,54.02,O7082,2,462,R038,Agt085,27,46,0
2024-01-15 22:20:00,W2,A01,S02,P195,T97397,111,185,26.09,38.66,O9737,46,176,R020,Agt079,29,14,0
2024-01-15 22:30:00,W3,A16,S18,P141,T91660,27,215,19.67,63.68,O5866,41,170,R016,Agt062,40,82,1
2024-01-15 22:40:00,W1,A20,S05,P197,T34964,58,237,18.16,54.06,O8562,26,159,R034,Agt029,62,79,1
2024-01-15 22:50:00,W1,A16,S17,P185,T72313,8,172,23.23,35.58,O8503,22,68,R005,Agt052,117,112,1
2024-01-15 23:00:00,W3,A06,S27,P119,T16526,98,260,21.41,46.2,O8264,33,72,R044,Agt004,19,35,0
2024-01-15 23:10:00,W1,A01,S19,P108,T73304,115,218,19.27,67.37,O4692,29,161,R040,Agt014,85,16,0
2024-01-15 23:20:00,W2,A07,S19,P119,T32911,132,261,19.43,44.0,O1670,15,230,R030,Agt012,101,39,0
2024-01-15 23:30:00,W1,A08,S14,P152,T22098,39,228,18.81,59.73,O4823,4,438,R020,Agt008,28,29,0
2024-01-15 23:40:00,W3,A11,S05,P133,T31813,168,268,25.56,59.28,O1654,47,249,R006,Agt021,114,14,0
2024-01-15 23:50:00,W3,A06,S28,P152,T56353,41,151,19.58,37.97,O8306,13,226,R012,Agt077,113,63,1
2024-01-16 00:00:00,W1,A05,S20,P162,T95683,181,257,20.49,64.85,O6207,21,261,R046,Agt073,101,95,0
2024-01-16 00:10:00,W3,A17,S09,P122,T49222,167,264,27.47,47.5,O1769,8,472,R034,Agt045,81,10,0
2024-01-16 00:20:00,W2,A07,S09,P181,T27208,42,281,23.85,57.29,O9802,14,318,R003,Agt009,60,77,1
2024-01-16 00:30:00,W3,A20,S15,P193,T82561,28,286,22.99,55.46,O2303,33,345,R024,Agt014,51,103,1
2024-01-16 00:40:00,W2,A10,S13,P179,T18059,185,166,22.33,35.59,O1107,27,288,R044,Agt090,105,89,0
2024-01-16 00:50:00,W2,A20,S10,P186,T16259,94,254,24.94,63.88,O5208,18,90,R031,Agt056,45,29,0
2024-01-16 01:00:00,W1,A09,S20,P102,T82663,24,218,24.43,67.53,O7493,23,128,R032,Agt096,73,113,1
2024-01-16 01:10:00,W3,A12,S02,P180,T71845,37,215,26.0,35.29,O6754,13,119,R027,Agt017,28,32,0
2024-01-16 01:20:00,W1,A02,S05,P141,T47060,156,277,24.16,51.63,O9749,45,420,R019,Agt083,19,118,0
2024-01-16 01:30:00,W3,A02,S11,P146,T13261,78,172,24.54,56.38,O3369,8,185,R004,Agt066,39,94,1
2024-01-16 01:40:00,W3,A05,S07,P179,T91926,195,256,21.22,66.53,O4202,30,30,R026,Agt001,29,24,0
2024-01-16 01:50:00,W3,A19,S19,P172,T14205,131,206,19.45,55.81,O1075,36,270,R004,Agt027,117,63,0
2024-01-16 02:00:00,W1,A06,S09,P176,T56347,92,277,18.23,38.06,O1551,9,111,R014,Agt013,105,116,1
2024-01-16 02:10:00,W2,A16,S30,P163,T46832,62,174,27.14,48.08,O2383,46,59,R011,Agt056,5,94,1
2024-01-16 02:20:00,W1,A13,S10,P118,T45214,131,184,21.26,51.52,O8131,15,377,R002,Agt090,81,81,0
2024-01-16 02:30:00,W1,A09,S20,P139,T59509,7,223,18.36,41.93,O8363,43,313,R016,Agt048,19,91,1
2024-01-16 02:40:00,W1,A04,S04,P165,T85733,163,273,20.86,43.17,O2904,20,320,R045,Agt074,49,80,0
2024-01-16 02:50:00,W1,A16,S09,P121,T36323,164,174,26.18,69.27,O9340,39,271,R008,Agt045,73,114,0
2024-01-16 03:00:00,W2,A20,S18,P100,T43497,43,203,19.92,59.11,O8380,3,112,R008,Agt071,93,118,1
2024-01-16 03:10:00,W3,A18,S21,P151,T79951,154,225,22.92,61.72,O7349,40,412,R044,Agt007,86,53,0
2024-01-16 03:20:00,W2,A01,S02,P121,T39963,82,221,20.92,66.85,O2631,19,40,R018,Agt089,54,104,1
2024-01-16 03:30:00,W2,A18,S08,P181,T27373,22,287,24.81,35.74,O1724,27,75,R038,Agt054,18,76,1
2024-01-16 03:40:00,W2,A01,S21,P125,T27412,136,212,19.37,50.42,O6343,16,354,R049,Agt002,87,43,0
2024-01-16 03:50:00,W2,A14,S25,P151,T84264,85,207,22.49,56.23,O9660,42,446,R011,Agt088,107,59,0
2024-01-16 04:00:00,W2,A02,S28,P154,T83791,87,161,24.88,42.48,O6179,47,230,R008,Agt064,66,110,1
2024-01-16 04:10:00,W2,A17,S22,P166,T40069,105,243,19.13,51.97,O1755,47,152,R031,Agt054,43,104,0
2024-01-16 04:20:00,W3,A11,S27,P163,T75852,108,293,19.48,49.49,O2803,1,90,R045,Agt010,75,87,0
2024-01-16 04:30:00,W2,A04,S11,P115,T83875,110,261,18.91,40.46,O7393,25,218,R022,Agt079,106,96,0
2024-01-16 04:40:00,W1,A13,S18,P138,T31465,153,219,22.01,59.44,O2537,24,160,R042,Agt016,76,25,0
2024-01-16 04:50:00,W3,A16,S20,P128,T36742,167,225,26.88,50.88,O1847,23,162,R018,Agt098,94,88,0
2024-01-16 05:00:00,W2,A06,S28,P103,T18726,18,206,22.57,52.58,O6197,14,484,R008,Agt055,24,15,0
2024-01-16 05:10:00,W2,A17,S11,P142,T96518,63,219,22.13,35.63,O4766,18,308,R013,Agt073,88,42,0
2024-01-16 05:20:00,W3,A09,S20,P102,T92654,161,268,18.92,40.07,O2337,32,433,R032,Agt008,104,110,0
2024-01-16 05:30:00,W3,A13,S24,P117,T99983,66,186,23.89,37.11,O4571,46,343,R017,Agt021,105,90,1
2024-01-16 05:40:00,W2,A08,S04,P111,T99699,48,252,20.08,40.11,O9767,10,20,R015,Agt076,108,92,1
2024-01-16 05:50:00,W3,A10,S28,P163,T52666,49,285,25.44,66.82,O9084,4,232,R003,Agt001,53,49,0
2024-01-16 06:00:00,W2,A09,S03,P185,T52712,173,214,27.32,42.11,O1917,38,379,R005,Agt075,108,20,0
2024-01-16 06:10:00,W1,A15,S18,P145,T86804,144,164,19.23,67.5,O8482,38,58,R031,Agt073,115,14,0
2024-01-16 06:20:00,W2,A14,S10,P131,T80692,150,166,25.74,35.0,O3059,27,195,R045,Agt066,23,94,0
2024-01-16 06:30:00,W2,A13,S27,P159,T10335,145,183,22.01,36.91,O5409,14,215,R020,Agt042,53,91,0
2024-01-16 06:40:00,W2,A06,S02,P140,T80312,100,175,20.67,40.53,O7553,37,68,R001,Agt006,59,70,0
2024-01-16 06:50:00,W1,A04,S13,P167,T49498,21,261,26.41,59.76,O9108,3,161,R032,Agt019,37,70,1
2024-01-16 07:00:00,W3,A07,S28,P125,T44523,111,164,25.3,52.7,O9121,21,425,R042,Agt017,11,13,0
2024-01-16 07:10:00,W2,A07,S02,P188,T25727,29,281,24.09,65.25,O1515,25,375,R043,Agt096,109,36,1
2024-01-16 07:20:00,W3,A09,S09,P159,T54829,46,225,24.12,52.64,O6558,35,269,R023,Agt075,28,83,1
2024-01-16 07:30:00,W1,A03,S30,P151,T76460,150,297,24.39,43.41,O7179,28,129,R009,Agt039,54,84,0
2024-01-16 07:40:00,W2,A18,S03,P132,T42575,79,153,25.43,54.13,O1863,18,349,R045,Agt049,14,23,0
2024-01-16 07:50:00,W1,A09,S20,P106,T24742,158,233,21.11,38.63,O8078,34,47,R047,Agt006,89,81,0
2024-01-16 08:00:00,W1,A17,S28,P135,T67142,149,154,18.75,39.0,O4699,43,29,R048,Agt052,104,93,0
2024-01-16 08:10:00,W1,A05,S27,P124,T44545,180,216,18.49,58.35,O5451,7,184,R029,Agt061,91,113,0
2024-01-16 08:20:00,W3,A02,S12,P127,T41141,78,177,24.19,57.68,O8608,18,231,R009,Agt081,77,90,1
2024-01-16 08:30:00,W2,A05,S21,P188,T58406,77,258,24.44,65.85,O3045,41,45,R008,Agt059,67,11,0
2024-01-16 08:40:00,W2,A09,S04,P123,T47862,169,294,20.79,68.14,O2862,43,197,R030,Agt088,69,85,0
2024-01-16 08:50:00,W2,A07,S25,P133,T13041,152,179,19.34,68.91,O4579,5,52,R008,Agt095,46,106,0
2024-01-16 09:00:00,W3,A03,S04,P145,T41559,165,208,18.15,45.61,O3393,2,28,R004,Agt035,119,102,0
2024-01-16 09:10:00,W3,A05,S23,P193,T55921,91,183,27.08,45.7,O8699,47,290,R046,Agt084,85,45,0
2024-01-16 09:20:00,W1,A07,S21,P176,T45499,153,193,25.4,51.3,O7671,17,191,R020,Agt073,82,64,0
2024-01-16 09:30:00,W2,A01,S07,P178,T67646,110,156,26.49,69.38,O2270,9,476,R016,Agt068,28,38,0
2024-01-16 09:40:00,W1,A09,S30,P139,T46387,37,283,23.83,66.18,O9326,17,188,R035,Agt015,12,27,0
2024-01-16 09:50:00,W2,A05,S20,P175,T35631,104,181,20.38,53.98,O6759,44,322,R049,Agt005,34,99,0
2024-01-16 10:00:00,W2,A02,S04,P193,T99716,144,262,22.77,39.33,O8849,15,74,R002,Agt055,105,97,0
2024-01-16 10:10:00,W2,A17,S19,P103,T85491,33,263,19.01,35.92,O1654,33,82,R004,Agt080,111,119,1
2024-01-16 10:20:00,W3,A11,S18,P107,T66651,91,241,24.87,68.02,O6299,44,139,R030,Agt061,37,118,1
2024-01-16 10:30:00,W1,A13,S13,P175,T85225,75,174,25.23,50.1,O4710,47,201,R015,Agt093,92,54,0
2024-01-16 10:40:00,W1,A10,S01,P170,T25710,176,239,21.29,59.38,O3035,49,306,R008,Agt097,70,64,0
2024-01-16 10:50:00,W1,A16,S01,P194,T76589,46,207,24.4,57.43,O3422,16,254,R030,Agt077,57,116,1
2024-01-16 11:00:00,W3,A20,S21,P186,T37869,75,291,23.81,51.36,O5715,5,423,R030,Agt066,82,45,0
2024-01-16 11:10:00,W3,A08,S09,P103,T43965,88,288,27.83,48.06,O9095,10,234,R028,Agt059,14,98,1
2024-01-16 11:20:00,W3,A04,S05,P193,T56557,82,257,23.97,49.75,O6415,15,104,R026,Agt094,88,69,0
2024-01-16 11:30:00,W3,A16,S06,P163,T92516,92,255,25.97,61.33,O4638,41,396,R028,Agt033,90,45,0
2024-01-16 11:40:00,W1,A09,S15,P112,T44379,149,253,22.64,67.7,O6241,27,94,R012,Agt046,19,110,0
2024-01-16 11:50:00,W2,A11,S16,P128,T62517,171,247,19.62,66.13,O7422,31,191,R035,Agt029,114,81,0
2024-01-16 12:00:00,W1,A17,S26,P142,T53190,125,216,27.39,51.13,O1216,25,78,R037,Agt092,4,116,0
2024-01-16 12:10:00,W1,A01,S07,P133,T14994,25,275,24.44,66.47,O9526,36,390,R032,Agt036,67,54,1
2024-01-16 12:20:00,W1,A19,S21,P100,T86762,65,172,23.62,46.07,O8175,7,251,R045,Agt007,74,109,1
2024-01-16 12:30:00,W2,A14,S07,P169,T65100,189,229,25.74,64.61,O5002,34,98,R042,Agt060,118,54,0
2024-01-16 12:40:00,W1,A08,S13,P133,T57201,16,250,20.29,35.83,O1163,33,263,R009,Agt074,62,119,1
2024-01-16 12:50:00,W1,A20,S02,P112,T94215,178,226,24.58,41.32,O9137,28,106,R001,Agt070,63,29,0
2024-01-16 13:00:00,W2,A08,S13,P182,T83982,88,232,24.22,40.15,O8093,16,424,R033,Agt094,100,75,0
2024-01-16 13:10:00,W3,A15,S08,P141,T82660,88,272,23.77,42.6,O4476,47,422,R032,Agt086,105,119,1
2024-01-16 13:20:00,W2,A03,S26,P166,T92608,184,276,24.03,40.99,O8285,22,80,R018,Agt065,59,107,0
2024-01-16 13:30:00,W3,A20,S26,P171,T51744,12,299,19.53,47.17,O9063,16,475,R037,Agt070,20,37,1
2024-01-16 13:40:00,W1,A05,S27,P150,T54929,160,232,21.4,49.84,O3151,18,411,R034,Agt028,44,91,0
2024-01-16 13:50:00,W3,A03,S27,P163,T51612,181,194,18.26,59.13,O1923,1,199,R020,Agt090,63,73,0
2024-01-16 14:00:00,W3,A09,S03,P158,T94679,196,192,22.99,44.6,O7676,39,114,R049,Agt088,72,12,0
2024-01-16 14:10:00,W2,A12,S29,P178,T41871,148,297,24.26,65.03,O8816,8,24,R036,Agt063,53,108,0
2024-01-16 14:20:00,W3,A14,S26,P148,T67894,129,253,20.75,55.5,O6082,17,277,R038,Agt035,46,76,0
2024-01-16 14:30:00,W2,A07,S28,P197,T35523,96,171,20.77,54.64,O4590,15,338,R031,Agt059,104,44,0
2024-01-16 14:40:00,W3,A07,S04,P162,T85072,121,293,26.39,52.38,O4964,5,175,R045,Agt067,13,77,0
2024-01-16 14:50:00,W1,A12,S26,P182,T62355,24,172,20.33,68.44,O9520,39,422,R022,Agt017,87,50,1
2024-01-16 15:00:00,W1,A13,S23,P130,T21525,169,185,21.11,65.72,O9237,6,371,R030,Agt006,33,117,0
2024-01-16 15:10:00,W1,A07,S14,P142,T29303,46,277,25.56,52.25,O9289,41,141,R034,Agt076,73,90,1
2024-01-16 15:20:00,W3,A19,S12,P158,T70557,98,228,23.8,53.22,O8887,5,316,R001,Agt032,14,48,0
2024-01-16 15:30:00,W3,A04,S25,P182,T26708,129,257,18.83,45.83,O7499,4,96,R031,Agt091,18,102,0
2024-01-16 15:40:00,W3,A01,S10,P117,T47853,188,172,19.05,58.36,O4117,37,372,R044,Agt073,15,37,0
2024-01-16 15:50:00,W1,A04,S30,P197,T90359,127,220,23.0,60.58,O6024,20,300,R006,Agt004,115,66,0
2024-01-16 16:00:00,W1,A17,S01,P142,T54137,138,168,19.63,57.44,O2297,5,260,R030,Agt052,36,77,0
2024-01-16 16:10:00,W2,A09,S07,P198,T15564,43,226,25.73,67.71,O7366,49,347,R011,Agt072,64,117,1
2024-01-16 16:20:00,W3,A11,S04,P108,T19773,17,208,27.8,49.73,O3532,23,392,R037,Agt059,2,80,1
2024-01-16 16:30:00,W2,A03,S21,P177,T31262,75,285,20.17,55.45,O9666,20,197,R048,Agt031,102,23,0
2024-01-16 16:40:00,W3,A07,S27,P184,T64966,76,273,20.29,67.64,O4842,11,190,R017,Agt054,0,36,0
2024-01-16 16:50:00,W1,A05,S07,P109,T45644,157,151,26.88,37.5,O8667,21,115,R006,Agt011,29,115,0
2024-01-16 17:00:00,W2,A15,S19,P127,T79486,110,186,18.55,35.24,O9632,44,467,R031,Agt066,48,22,0
2024-01-16 17:10:00,W2,A11,S23,P160,T36642,167,214,19.3,48.33,O2657,11,440,R015,Agt027,39,22,0
2024-01-16 17:20:00,W2,A19,S29,P130,T76374,167,252,23.01,57.73,O5204,31,90,R029,Agt071,57,111,0
2024-01-16 17:30:00,W3,A07,S29,P100,T35888,14,153,21.97,39.01,O3574,15,99,R030,Agt066,40,35,1
2024-01-16 17:40:00,W2,A09,S30,P150,T80039,73,226,27.06,67.7,O2479,42,163,R013,Agt026,114,25,0
2024-01-16 17:50:00,W2,A01,S26,P170,T85559,73,217,22.53,43.39,O9512,24,239,R044,Agt082,45,12,0
2024-01-16 18:00:00,W3,A18,S08,P116,T50660,95,191,21.63,67.74,O6291,14,63,R023,Agt096,96,49,0
2024-01-16 18:10:00,W2,A10,S19,P167,T31486,83,282,23.78,60.34,O3479,16,75,R025,Agt098,53,65,0
2024-01-16 18:20:00,W2,A13,S09,P155,T30705,139,229,19.24,59.36,O4426,19,28,R046,Agt012,33,62,0
2024-01-16 18:30:00,W1,A15,S22,P159,T42572,150,241,18.07,38.37,O8805,39,133,R002,Agt091,73,76,0
2024-01-16 18:40:00,W3,A17,S11,P172,T43776,8,156,20.39,35.25,O8815,24,98,R035,Agt090,16,72,1
2024-01-16 18:50:00,W1,A05,S26,P117,T95452,18,236,23.03,59.21,O8763,44,241,R035,Agt034,42,92,1
2024-01-16 19:00:00,W3,A01,S13,P160,T99777,93,192,19.66,45.33,O8469,40,320,R013,Agt070,8,101,1
2024-01-16 19:10:00,W2,A05,S04,P146,T27423,61,276,24.78,50.64,O1276,6,145,R013,Agt001,98,17,0
2024-01-16 19:20:00,W2,A06,S20,P150,T79354,98,202,27.02,38.2,O7985,8,291,R042,Agt046,114,115,1
2024-01-16 19:30:00,W1,A02,S05,P143,T70864,27,283,26.05,53.83,O8842,48,140,R018,Agt099,61,89,1
2024-01-16 19:40:00,W2,A10,S17,P136,T79793,14,201,24.94,43.22,O1970,3,155,R005,Agt009,47,34,1
2024-01-16 19:50:00,W2,A19,S22,P179,T29620,162,278,20.81,45.34,O1084,27,298,R045,Agt079,84,35,0
2024-01-16 20:00:00,W2,A04,S07,P127,T51017,66,162,23.59,56.57,O6426,36,489,R023,Agt085,78,23,0
2024-01-16 20:10:00,W1,A05,S05,P177,T29452,29,213,22.1,58.64,O7007,27,315,R015,Agt098,80,32,1
2024-01-16 20:20:00,W2,A05,S27,P184,T94060,14,195,22.16,54.19,O4581,25,48,R029,Agt038,67,25,1
2024-01-16 20:30:00,W3,A17,S13,P164,T47559,49,235,18.42,35.32,O6171,41,189,R034,Agt066,29,61,1
2024-01-16 20:40:00,W2,A05,S04,P183,T26197,197,195,25.08,51.44,O3945,22,75,R002,Agt065,62,59,0
2024-01-16 20:50:00,W1,A08,S20,P117,T66005,77,251,25.82,44.77,O2570,47,475,R043,Agt086,52,28,0
2024-01-16 21:00:00,W2,A06,S20,P125,T52869,162,256,26.06,43.53,O4335,31,211,R037,Agt041,91,10,0
2024-01-16 21:10:00,W3,A03,S22,P157,T21278,45,167,21.62,48.07,O1376,38,282,R003,Agt083,98,25,0
2024-01-16 21:20:00,W1,A07,S11,P176,T81642,198,171,18.14,55.73,O4180,16,477,R021,Agt030,97,53,0
2024-01-16 21:30:00,W1,A11,S03,P177,T27152,10,248,24.07,58.56,O8893,27,295,R047,Agt062,13,24,1
2024-01-16 21:40:00,W3,A09,S29,P181,T39520,10,152,21.34,64.68,O4024,4,183,R018,Agt091,95,102,1
2024-01-16 21:50:00,W2,A08,S07,P117,T38073,115,241,21.98,43.68,O6452,31,438,R028,Agt094,73,105,0
2024-01-16 22:00:00,W1,A17,S08,P193,T11410,157,282,23.53,42.46,O5076,49,499,R031,Agt062,13,92,0
2024-01-16 22:10:00,W2,A19,S09,P145,T16298,126,199,24.79,58.97,O8942,24,257,R024,Agt040,99,48,0
2024-01-16 22:20:00,W1,A08,S18,P145,T73928,64,257,21.64,37.34,O1009,22,472,R049,Agt008,38,64,0
2024-01-16 22:30:00,W3,A13,S04,P173,T23019,190,220,24.57,55.18,O7068,45,330,R026,Agt017,5,50,0
2024-01-16 22:40:00,W3,A13,S29,P193,T30180,155,200,25.73,47.78,O9839,44,90,R012,Agt085,112,74,0
2024-01-16 22:50:00,W2,A06,S02,P103,T23985,182,257,20.7,38.02,O3590,3,444,R012,Agt074,112,31,0
2024-01-16 23:00:00,W3,A05,S14,P150,T93301,146,170,26.16,60.67,O7327,29,236,R008,Agt064,69,85,0
2024-01-16 23:10:00,W3,A18,S23,P108,T39086,152,297,27.32,68.59,O4359,35,379,R027,Agt017,23,115,0
2024-01-16 23:20:00,W2,A13,S16,P134,T21615,7,246,20.18,58.82,O9854,7,231,R031,Agt093,86,119,1
2024-01-16 23:30:00,W1,A08,S10,P115,T83804,8,193,18.24,40.72,O9863,48,183,R003,Agt003,82,62,1
2024-01-16 23:40:00,W3,A18,S13,P171,T97150,84,201,22.19,53.51,O4114,16,418,R029,Agt015,20,108,1
2024-01-16 23:50:00,W1,A18,S29,P143,T87072,147,244,24.49,56.68,O8752,34,277,R021,Agt074,78,71,0
2024-01-17 00:00:00,W1,A10,S14,P193,T30039,56,211,20.84,50.49,O2483,9,40,R041,Agt057,74,114,1
2024-01-17 00:10:00,W3,A09,S02,P186,T89535,11,153,19.95,43.02,O6513,39,337,R028,Agt026,98,74,1
2024-01-17 00:20:00,W1,A03,S02,P146,T68344,198,230,22.14,49.13,O9004,18,435,R035,Agt073,84,94,0
2024-01-17 00:30:00,W3,A14,S23,P162,T13463,16,196,25.71,66.2,O2883,3,472,R031,Agt081,9,38,1
2024-01-17 00:40:00,W2,A16,S19,P134,T73189,72,206,18.58,40.5,O5517,31,456,R017,Agt035,101,64,0
2024-01-17 00:50:00,W1,A12,S20,P165,T45709,34,153,24.0,65.43,O7006,3,21,R037,Agt053,40,93,1
2024-01-17 01:00:00,W2,A12,S12,P164,T66132,137,277,26.36,65.17,O5626,29,282,R015,Agt046,82,52,0
2024-01-17 01:10:00,W1,A06,S02,P130,T22066,156,183,20.42,35.69,O5969,7,404,R022,Agt006,105,70,0
2024-01-17 01:20:00,W3,A01,S02,P183,T86251,174,160,24.01,43.96,O9305,35,123,R022,Agt068,30,17,0
2024-01-17 01:30:00,W1,A12,S11,P109,T29973,157,267,21.76,45.69,O7147,47,337,R025,Agt097,70,83,0
2024-01-17 01:40:00,W1,A01,S03,P175,T77416,179,197,21.06,53.36,O8135,19,125,R023,Agt019,118,85,0
2024-01-17 01:50:00,W3,A16,S16,P130,T34779,172,150,24.9,47.41,O2668,11,261,R047,Agt037,92,43,0
2024-01-17 02:00:00,W3,A03,S20,P129,T83680,167,160,18.78,39.34,O5539,31,265,R009,Agt059,94,49,0
2024-01-17 02:10:00,W2,A14,S04,P125,T91234,169,236,18.89,57.84,O5483,15,425,R013,Agt068,64,14,0
2024-01-17 02:20:00,W3,A13,S12,P146,T74052,87,235,25.63,37.76,O5391,6,99,R012,Agt058,15,45,0
2024-01-17 02:30:00,W3,A19,S21,P185,T93175,22,251,20.05,39.36,O2795,36,73,R037,Agt010,88,39,1
2024-01-17 02:40:00,W1,A19,S27,P113,T60487,84,219,22.08,47.52,O3302,7,292,R009,Agt099,113,38,0
2024-01-17 02:50:00,W3,A06,S28,P144,T23289,74,291,23.87,59.1,O1721,18,405,R044,Agt034,13,50,0
2024-01-17 03:00:00,W3,A01,S25,P157,T30219,14,229,26.76,36.22,O3676,31,76,R024,Agt068,59,112,1
2024-01-17 03:10:00,W1,A11,S15,P100,T77623,131,273,21.93,69.5,O2764,42,388,R029,Agt046,67,65,0
2024-01-17 03:20:00,W3,A06,S10,P123,T71018,39,275,20.63,35.27,O3391,15,27,R027,Agt071,58,70,1
2024-01-17 03:30:00,W2,A08,S03,P112,T40886,126,281,25.45,58.57,O5845,33,237,R015,Agt038,105,86,0
2024-01-17 03:40:00,W2,A16,S29,P177,T98647,173,256,25.01,55.78,O9878,21,397,R046,Agt063,84,67,0
2024-01-17 03:50:00,W3,A14,S12,P148,T65995,148,224,20.65,67.47,O7545,5,317,R008,Agt097,4,39,0
2024-01-17 04:00:00,W2,A17,S20,P138,T39332,55,151,22.39,69.91,O7094,10,408,R009,Agt034,71,97,1
2024-01-17 04:10:00,W3,A15,S25,P197,T75327,107,225,22.81,44.27,O4004,5,254,R020,Agt045,11,15,0
2024-01-17 04:20:00,W1,A10,S07,P101,T40584,103,219,25.8,68.68,O9937,14,149,R022,Agt087,39,23,0
2024-01-17 04:30:00,W1,A03,S12,P124,T49577,43,229,27.05,69.11,O2001,47,311,R014,Agt055,101,71,1
2024-01-17 04:40:00,W2,A06,S24,P131,T14342,65,293,22.36,39.18,O5058,33,190,R015,Agt019,3,103,1
2024-01-17 04:50:00,W3,A20,S01,P115,T56121,49,250,27.79,62.8,O3531,3,426,R012,Agt050,102,70,1
2024-01-17 05:00:00,W2,A16,S28,P175,T38494,26,240,19.18,40.98,O7512,29,290,R005,Agt004,94,43,1
2024-01-17 05:10:00,W2,A13,S20,P147,T57489,65,166,23.27,56.56,O1499,39,126,R020,Agt012,93,100,1
2024-01-17 05:20:00,W3,A15,S08,P150,T73206,45,278,22.97,57.42,O1108,21,328,R025,Agt027,98,73,1
2024-01-17 05:30:00,W1,A20,S17,P173,T28057,130,184,18.95,51.55,O6964,19,83,R039,Agt086,41,70,0
2024-01-17 05:40:00,W1,A17,S23,P194,T56300,23,272,24.55,50.72,O2210,5,336,R030,Agt074,72,39,1
2024-01-17 05:50:00,W1,A14,S01,P133,T15593,47,165,20.02,55.0,O6034,29,390,R001,Agt099,114,20,0
2024-01-17 06:00:00,W2,A10,S12,P138,T59627,139,225,19.51,35.37,O1092,44,147,R012,Agt013,90,34,0
2024-01-17 06:10:00,W1,A05,S09,P136,T44631,102,292,21.54,67.43,O7637,22,177,R010,Agt010,70,103,1
2024-01-17 06:20:00,W2,A16,S29,P116,T22300,37,157,20.31,54.47,O5980,39,23,R022,Agt020,35,17,0
2024-01-17 06:30:00,W2,A12,S08,P135,T88652,93,240,23.71,53.6,O3418,22,337,R008,Agt076,106,92,0
2024-01-17 06:40:00,W2,A07,S15,P155,T91479,78,267,26.41,46.38,O7414,32,177,R032,Agt002,29,98,1
2024-01-17 06:50:00,W3,A18,S27,P109,T82232,60,227,22.16,50.44,O7393,6,272,R013,Agt083,72,23,0
2024-01-17 07:00:00,W2,A20,S25,P157,T60547,56,198,22.81,43.72,O5304,46,400,R013,Agt063,52,32,0
2024-01-17 07:10:00,W2,A17,S07,P137,T97596,65,249,24.05,57.5,O3357,45,448,R043,Agt045,115,105,1
2024-01-17 07:20:00,W1,A01,S09,P102,T66718,150,192,25.6,50.79,O2149,30,295,R023,Agt034,27,113,0
2024-01-17 07:30:00,W2,A19,S06,P165,T22350,58,284,20.2,62.34,O3566,19,408,R020,Agt042,82,17,0
2024-01-17 07:40:00,W1,A04,S20,P132,T75596,164,209,25.73,61.52,O8826,31,402,R025,Agt041,94,109,0
2024-01-17 07:50:00,W1,A06,S29,P130,T48668,140,175,21.96,64.38,O7367,20,275,R001,Agt097,115,94,0
2024-01-17 08:00:00,W3,A02,S07,P160,T11483,112,181,21.14,35.64,O9144,39,156,R013,Agt094,90,108,0
2024-01-17 08:10:00,W3,A03,S09,P156,T78726,89,245,23.04,38.8,O1335,14,221,R022,Agt047,111,119,1
2024-01-17 08:20:00,W1,A03,S22,P115,T33922,128,231,19.13,41.39,O3450,34,255,R045,Agt079,66,16,0
2024-01-17 08:30:00,W1,A05,S30,P171,T92903,99,205,18.79,53.53,O5704,23,108,R015,Agt051,100,99,0
2024-01-17 08:40:00,W3,A14,S25,P153,T78156,54,244,18.32,43.66,O9867,16,423,R034,Agt057,32,70,1
2024-01-17 08:50:00,W3,A16,S05,P122,T57281,62,256,21.52,60.02,O7220,47,277,R045,Agt089,106,116,1
2024-01-17 09:00:00,W1,A03,S15,P156,T14815,74,207,27.15,67.54,O8205,8,68,R003,Agt051,52,69,0
2024-01-17 09:10:00,W1,A05,S11,P149,T14083,34,255,27.58,36.57,O9682,14,473,R016,Agt038,32,85,1
2024-01-17 09:20:00,W3,A09,S09,P148,T48459,115,150,25.34,54.55,O5145,24,45,R018,Agt037,34,50,0
2024-01-17 09:30:00,W1,A16,S03,P100,T74882,135,265,21.97,55.72,O6974,21,267,R008,Agt027,109,30,0
2024-01-17 09:40:00,W1,A02,S05,P142,T40155,186,212,27.63,48.62,O7746,22,174,R036,Agt066,47,49,0
2024-01-17 09:50:00,W3,A02,S24,P177,T58613,86,199,21.72,60.37,O1538,7,264,R035,Agt056,72,12,0
2024-01-17 10:00:00,W2,A10,S10,P136,T99332,139,185,21.52,57.83,O9395,47,78,R035,Agt079,28,14,0
2024-01-17 10:10:00,W1,A14,S22,P183,T11257,91,199,19.95,54.61,O3968,9,145,R007,Agt004,109,70,0
2024-01-17 10:20:00,W1,A10,S27,P196,T79620,190,226,18.8,61.68,O4214,33,303,R001,Agt048,65,92,0
2024-01-17 10:30:00,W1,A15,S10,P188,T29122,145,189,22.07,57.88,O4219,44,261,R019,Agt009,49,32,0
2024-01-17 10:40:00,W1,A09,S23,P196,T31440,167,260,18.58,48.32,O2707,18,281,R031,Agt047,96,47,0
2024-01-17 10:50:00,W2,A04,S20,P120,T78329,85,272,21.42,51.03,O8746,36,264,R031,Agt023,43,113,1
2024-01-17 11:00:00,W3,A15,S30,P103,T27686,64,236,21.19,45.42,O3234,6,223,R035,Agt060,31,72,1
2024-01-17 11:10:00,W3,A17,S30,P141,T39012,64,206,26.71,65.68,O3784,12,338,R042,Agt018,98,32,0
2024-01-17 11:20:00,W3,A02,S26,P125,T99918,18,297,23.02,57.59,O7472,49,446,R025,Agt038,21,72,1
2024-01-17 11:30:00,W1,A05,S01,P152,T71569,185,205,25.53,47.01,O7490,4,345,R041,Agt042,12,26,0
2024-01-17 11:40:00,W2,A20,S08,P167,T16040,40,185,20.09,68.73,O8685,19,422,R033,Agt024,68,64,1
2024-01-17 11:50:00,W2,A03,S24,P160,T26770,24,267,26.39,55.63,O6396,4,454,R045,Agt005,65,24,0
2024-01-17 12:00:00,W3,A20,S06,P137,T29671,113,229,19.44,45.06,O8760,28,142,R032,Agt018,86,100,0
2024-01-17 12:10:00,W3,A12,S13,P190,T67380,142,287,23.93,50.79,O2605,25,72,R007,Agt025,74,81,0
2024-01-17 12:20:00,W3,A17,S08,P182,T91449,97,189,22.61,55.82,O6904,10,239,R045,Agt088,46,76,0
2024-01-17 12:30:00,W2,A17,S17,P190,T40142,26,201,19.97,67.78,O6817,2,213,R011,Agt043,88,119,1
2024-01-17 12:40:00,W3,A02,S05,P170,T40659,126,180,24.71,55.32,O8467,11,30,R033,Agt049,27,96,0
2024-01-17 12:50:00,W2,A05,S19,P131,T40498,141,150,23.45,49.44,O9120,18,404,R030,Agt080,115,100,0
2024-01-17 13:00:00,W2,A02,S21,P194,T42584,157,191,22.05,41.63,O6998,37,102,R028,Agt052,83,80,0
2024-01-17 13:10:00,W2,A10,S08,P174,T76026,81,153,22.82,43.18,O7324,42,62,R046,Agt055,51,71,0
2024-01-17 13:20:00,W1,A08,S14,P102,T47207,99,223,22.09,43.33,O5787,35,410,R008,Agt088,74,87,0
2024-01-17 13:30:00,W2,A07,S22,P125,T14546,169,252,27.01,52.81,O4804,16,264,R041,Agt017,3,60,0
2024-01-17 13:40:00,W2,A01,S01,P173,T61064,13,231,19.02,50.66,O6389,39,323,R007,Agt051,115,47,1
2024-01-17 13:50:00,W1,A12,S19,P143,T84570,61,235,22.8,38.26,O2875,20,72,R047,Agt046,74,69,1
2024-01-17 14:00:00,W2,A14,S17,P157,T59376,160,168,22.26,63.35,O4717,3,261,R040,Agt023,12,37,0
2024-01-17 14:10:00,W3,A02,S14,P185,T78546,38,263,25.85,62.23,O5198,38,270,R049,Agt030,25,45,1
2024-01-17 14:20:00,W1,A19,S04,P136,T99993,44,280,25.61,48.66,O1452,26,371,R040,Agt076,107,102,1
2024-01-17 14:30:00,W3,A02,S18,P180,T78544,52,272,22.53,44.97,O5748,3,111,R012,Agt063,58,95,1
2024-01-17 14:40:00,W2,A03,S12,P132,T50523,89,285,26.24,61.46,O2400,11,222,R001,Agt017,71,71,0
2024-01-17 14:50:00,W2,A01,S16,P126,T21654,69,179,24.76,57.91,O5761,11,467,R046,Agt006,71,18,0
2024-01-17 15:00:00,W2,A10,S08,P144,T58087,108,282,18.87,46.97,O8348,30,349,R042,Agt066,1,55,0
2024-01-17 15:10:00,W3,A01,S12,P135,T77905,138,213,22.3,56.75,O9339,33,407,R033,Agt018,33,119,0
2024-01-17 15:20:00,W2,A13,S24,P174,T62012,121,187,19.54,45.82,O3692,32,294,R049,Agt024,82,45,0
2024-01-17 15:30:00,W2,A10,S16,P181,T47813,10,196,24.07,38.41,O4021,7,228,R011,Agt043,9,59,1
2024-01-17 15:40:00,W2,A03,S16,P134,T45637,148,169,21.65,63.47,O6646,24,435,R047,Agt061,2,79,0
2024-01-17 15:50:00,W3,A02,S06,P193,T92914,184,255,23.57,57.1,O3002,43,250,R019,Agt097,117,71,0
2024-01-17 16:00:00,W1,A08,S14,P181,T95345,9,217,19.44,64.16,O6200,40,269,R003,Agt026,78,68,1
2024-01-17 16:10:00,W1,A14,S20,P124,T69716,147,161,24.33,61.75,O3821,14,185,R043,Agt068,22,50,0
2024-01-17 16:20:00,W3,A07,S09,P155,T42357,196,222,18.8,45.09,O2727,42,267,R032,Agt088,6,76,0
2024-01-17 16:30:00,W3,A04,S16,P144,T47943,15,291,18.29,58.65,O8236,14,395,R024,Agt036,66,40,1
2024-01-17 16:40:00,W2,A15,S19,P151,T25400,143,270,26.39,38.17,O9928,6,388,R021,Agt057,34,64,0
2024-01-17 16:50:00,W2,A14,S15,P182,T87367,110,150,18.61,35.92,O6500,19,344,R010,Agt095,0,68,0
2024-01-17 17:00:00,W1,A01,S11,P177,T15995,121,215,24.41,49.54,O3298,35,104,R003,Agt068,75,35,0
2024-01-17 17:10:00,W1,A15,S22,P159,T27272,188,274,26.22,60.2,O4554,35,426,R019,Agt058,4,83,0
2024-01-17 17:20:00,W2,A11,S13,P164,T51100,130,285,26.99,49.55,O9809,1,226,R038,Agt026,39,104,0
2024-01-17 17:30:00,W2,A03,S08,P119,T21073,47,284,22.48,53.35,O2252,48,434,R009,Agt078,62,38,0
2024-01-17 17:40:00,W1,A06,S06,P141,T18319,156,266,19.82,46.21,O8347,40,300,R028,Agt023,99,21,0
2024-01-17 17:50:00,W1,A20,S18,P194,T42175,161,150,27.15,50.38,O4168,5,134,R032,Agt066,0,66,0
2024-01-17 18:00:00,W1,A17,S04,P154,T60474,193,165,19.62,54.07,O4659,36,493,R020,Agt091,8,108,0
2024-01-17 18:10:00,W3,A17,S25,P143,T29085,81,171,18.55,68.22,O2626,37,177,R019,Agt059,1,84,1
2024-01-17 18:20:00,W1,A11,S10,P125,T48277,86,185,27.38,62.53,O6538,36,303,R005,Agt074,19,45,0
2024-01-17 18:30:00,W2,A16,S17,P197,T76751,72,209,26.97,66.29,O8696,1,224,R001,Agt002,74,47,0
2024-01-17 18:40:00,W1,A11,S20,P190,T87473,11,162,27.62,37.48,O8183,9,395,R038,Agt035,91,91,1
2024-01-17 18:50:00,W2,A19,S22,P114,T97058,91,191,19.64,52.89,O8043,24,211,R001,Agt033,117,52,0
2024-01-17 19:00:00,W1,A08,S22,P126,T78569,151,169,26.03,65.24,O4489,38,59,R028,Agt004,10,46,0
2024-01-17 19:10:00,W2,A06,S08,P103,T10761,138,266,25.11,45.62,O1533,11,212,R048,Agt036,80,57,0
2024-01-17 19:20:00,W1,A10,S03,P132,T82156,72,204,27.07,55.13,O4769,1,156,R001,Agt020,26,64,0
2024-01-17 19:30:00,W1,A06,S12,P138,T74943,30,277,18.44,41.59,O9986,8,121,R045,Agt031,12,45,1
2024-01-17 19:40:00,W1,A16,S24,P128,T55491,156,199,22.85,45.89,O2500,40,332,R020,Agt055,52,40,0
2024-01-17 19:50:00,W2,A08,S10,P107,T96736,32,270,20.53,49.04,O2637,39,322,R003,Agt070,84,115,1
2024-01-17 20:00:00,W2,A15,S03,P181,T60749,33,189,26.59,67.84,O2501,47,220,R029,Agt005,74,22,0
2024-01-17 20:10:00,W2,A03,S28,P175,T43663,47,248,19.31,41.19,O1221,33,489,R009,Agt059,82,76,1
2024-01-17 20:20:00,W1,A18,S04,P173,T75369,167,173,23.45,37.04,O7356,33,233,R037,Agt065,40,94,0
2024-01-17 20:30:00,W1,A11,S29,P168,T76595,28,230,25.44,55.49,O8338,37,135,R019,Agt065,11,116,1
2024-01-17 20:40:00,W2,A07,S22,P178,T30771,35,293,25.83,65.73,O5115,40,178,R023,Agt040,34,15,0
2024-01-17 20:50:00,W3,A05,S09,P128,T11332,150,171,26.77,40.01,O7072,37,321,R006,Agt066,21,60,0
2024-01-17 21:00:00,W2,A01,S17,P108,T63951,117,210,18.47,64.82,O7771,38,292,R009,Agt008,45,29,0
2024-01-17 21:10:00,W2,A11,S28,P189,T45317,115,214,24.16,56.85,O7723,45,380,R047,Agt089,30,70,0
2024-01-17 21:20:00,W1,A12,S17,P110,T68532,105,180,20.41,55.57,O3402,28,230,R041,Agt064,29,115,1
2024-01-17 21:30:00,W1,A03,S08,P164,T40137,153,208,21.27,42.34,O8645,15,367,R025,Agt032,100,88,0
2024-01-17 21:40:00,W2,A18,S13,P164,T98900,122,222,19.38,37.18,O1579,36,247,R034,Agt045,115,22,0
2024-01-17 21:50:00,W2,A15,S26,P142,T38678,165,287,19.16,51.85,O7213,43,255,R029,Agt059,117,84,0
2024-01-17 22:00:00,W3,A11,S22,P105,T81558,177,271,20.82,35.85,O6292,14,328,R021,Agt029,6,42,0
2024-01-17 22:10:00,W2,A14,S22,P110,T46048,61,150,26.99,44.77,O5935,38,326,R023,Agt010,57,79,1
2024-01-17 22:20:00,W3,A05,S20,P146,T38439,106,283,18.04,59.16,O5614,1,407,R028,Agt058,40,58,0
2024-01-17 22:30:00,W2,A02,S28,P111,T37392,94,268,27.12,42.94,O7196,46,240,R021,Agt035,87,64,0
2024-01-17 22:40:00,W1,A04,S13,P148,T10554,78,224,18.34,61.35,O3195,11,152,R035,Agt028,55,72,0
2024-01-17 22:50:00,W3,A17,S25,P185,T13171,54,240,26.05,44.25,O4484,24,458,R021,Agt067,41,74,1
2024-01-17 23:00:00,W2,A08,S02,P111,T34981,127,284,23.63,69.01,O5054,43,121,R033,Agt075,66,95,0
2024-01-17 23:10:00,W3,A02,S28,P138,T69931,34,161,22.07,61.41,O7959,24,223,R036,Agt025,52,82,1
2024-01-17 23:20:00,W2,A09,S02,P115,T55439,51,233,19.34,65.75,O5032,36,413,R010,Agt004,34,93,1
2024-01-17 23:30:00,W1,A06,S02,P169,T75164,20,205,20.82,62.15,O6305,12,249,R026,Agt090,84,38,1
2024-01-17 23:40:00,W2,A14,S19,P144,T32691,145,193,20.26,65.38,O3664,43,173,R004,Agt089,35,78,0
2024-01-17 23:50:00,W2,A06,S12,P156,T90854,8,150,21.62,47.94,O4592,16,110,R009,Agt060,11,37,1
2024-01-18 00:00:00,W1,A07,S16,P184,T32881,108,206,26.58,48.14,O9165,49,181,R011,Agt003,99,119,1
2024-01-18 00:10:00,W1,A18,S25,P177,T27848,197,223,20.88,40.11,O3005,49,398,R010,Agt037,96,69,0
2024-01-18 00:20:00,W2,A05,S20,P125,T65127,7,164,27.46,46.29,O6239,21,494,R011,Agt054,11,82,1
2024-01-18 00:30:00,W2,A19,S01,P146,T18077,139,179,22.09,35.73,O5565,45,489,R036,Agt092,9,98,0
2024-01-18 00:40:00,W1,A01,S30,P165,T51760,179,269,23.51,69.41,O4192,43,276,R038,Agt076,37,19,0
2024-01-18 00:50:00,W2,A19,S17,P196,T31744,58,261,22.97,64.11,O5493,48,53,R033,Agt019,86,31,0
2024-01-18 01:00:00,W2,A03,S02,P133,T81779,98,192,25.85,69.16,O8502,7,42,R024,Agt063,117,47,0
2024-01-18 01:10:00,W2,A13,S14,P148,T75442,59,190,26.17,51.08,O1173,42,458,R047,Agt034,39,50,0
2024-01-18 01:20:00,W1,A01,S12,P161,T55274,176,290,19.03,45.2,O7594,19,168,R020,Agt087,50,16,0
2024-01-18 01:30:00,W3,A07,S09,P172,T70408,108,195,20.39,64.28,O4815,32,397,R024,Agt062,11,70,0
2024-01-18 01:40:00,W3,A18,S14,P121,T59286,126,261,27.82,39.19,O3399,6,244,R016,Agt050,90,96,0
2024-01-18 01:50:00,W1,A14,S24,P187,T66557,84,155,26.62,55.87,O2386,3,274,R009,Agt051,3,90,1
2024-01-18 02:00:00,W2,A01,S08,P199,T95135,197,161,23.48,55.94,O6395,19,78,R019,Agt084,107,77,0
2024-01-18 02:10:00,W1,A19,S14,P112,T11458,106,291,18.86,61.47,O1358,10,466,R002,Agt072,14,34,0
2024-01-18 02:20:00,W2,A05,S19,P175,T48237,75,272,18.52,47.29,O1123,35,46,R002,Agt093,19,50,0
2024-01-18 02:30:00,W1,A10,S15,P140,T38364,15,220,23.33,47.5,O9249,13,275,R023,Agt038,88,101,1
2024-01-18 02:40:00,W2,A03,S11,P143,T97944,109,218,21.83,54.88,O7590,8,257,R039,Agt095,111,50,0
2024-01-18 02:50:00,W1,A07,S09,P149,T41532,52,262,22.55,57.62,O5286,11,379,R034,Agt021,104,43,0
2024-01-18 03:00:00,W2,A15,S03,P157,T66446,79,293,22.72,43.34,O4624,16,60,R035,Agt059,31,29,0
2024-01-18 03:10:00,W3,A15,S11,P116,T71259,99,202,18.24,52.75,O6799,35,323,R044,Agt062,108,89,0
2024-01-18 03:20:00,W1,A03,S15,P142,T74727,33,210,23.95,41.66,O5082,39,270,R024,Agt073,105,117,1
2024-01-18 03:30:00,W1,A11,S08,P120,T50811,85,202,18.01,39.23,O8020,35,219,R031,Agt051,60,29,0
2024-01-18 03:40:00,W1,A09,S12,P141,T49982,190,220,22.78,48.57,O2877,30,237,R034,Agt005,1,111,0
2024-01-18 03:50:00,W2,A17,S12,P101,T34658,57,200,19.87,40.43,O3477,40,271,R035,Agt022,43,59,1
2024-01-18 04:00:00,W1,A09,S13,P136,T47225,20,240,25.76,42.58,O1750,19,118,R013,Agt026,69,81,1
2024-01-18 04:10:00,W3,A14,S19,P161,T96961,25,245,27.16,55.34,O2515,2,433,R002,Agt073,1,85,1
2024-01-18 04:20:00,W3,A13,S21,P119,T95195,178,260,23.59,46.85,O9126,7,394,R026,Agt067,82,81,0
2024-01-18 04:30:00,W2,A11,S19,P198,T80329,135,194,18.88,40.71,O8521,17,232,R021,Agt013,75,113,0
2024-01-18 04:40:00,W1,A20,S11,P186,T66153,194,150,18.93,44.28,O7654,19,239,R012,Agt065,90,55,0
2024-01-18 04:50:00,W1,A08,S01,P163,T98986,134,252,27.02,43.39,O9723,3,128,R030,Agt074,2,118,0
2024-01-18 05:00:00,W2,A05,S15,P111,T49061,38,164,20.6,59.82,O6518,18,391,R017,Agt069,20,10,0
2024-01-18 05:10:00,W2,A15,S23,P135,T51095,61,164,21.62,44.07,O2180,35,492,R039,Agt095,86,100,1
2024-01-18 05:20:00,W2,A19,S21,P182,T47496,191,219,25.84,50.33,O6329,19,24,R004,Agt086,49,10,0
2024-01-18 05:30:00,W1,A11,S25,P174,T24861,120,235,22.43,36.11,O3932,5,387,R048,Agt075,50,38,0
2024-01-18 05:40:00,W1,A17,S24,P196,T13055,134,206,25.78,69.62,O6925,4,320,R032,Agt084,15,113,0
2024-01-18 05:50:00,W3,A05,S11,P175,T17580,140,177,25.39,45.16,O4375,1,50,R009,Agt047,118,64,0
2024-01-18 06:00:00,W2,A08,S05,P153,T41759,57,211,23.24,45.04,O6465,3,206,R008,Agt004,80,119,1
2024-01-18 06:10:00,W1,A18,S14,P140,T27680,196,212,25.06,49.36,O7145,1,360,R025,Agt057,101,57,0
2024-01-18 06:20:00,W2,A14,S28,P117,T55200,6,156,25.35,41.76,O9115,23,464,R007,Agt021,110,23,1
2024-01-18 06:30:00,W1,A02,S01,P192,T85955,155,236,24.64,63.93,O9474,15,222,R029,Agt046,69,45,0
2024-01-18 06:40:00,W2,A17,S19,P149,T82247,62,295,26.81,62.78,O4836,46,452,R007,Agt097,74,42,0
2024-01-18 06:50:00,W1,A07,S26,P144,T61730,42,286,25.5,52.45,O7106,36,107,R031,Agt005,99,90,1
2024-01-18 07:00:00,W1,A09,S27,P112,T36098,47,174,21.49,67.95,O5513,13,22,R035,Agt070,57,108,1
2024-01-18 07:10:00,W2,A18,S19,P192,T14076,28,299,24.62,35.32,O4438,24,384,R047,Agt003,51,90,1
2024-01-18 07:20:00,W2,A20,S08,P146,T12835,5,253,22.05,49.9,O9949,9,209,R016,Agt094,97,118,1
2024-01-18 07:30:00,W2,A03,S24,P160,T21521,171,222,20.9,65.26,O4857,5,286,R034,Agt012,48,22,0
2024-01-18 07:40:00,W1,A13,S27,P146,T34131,67,265,22.41,49.64,O9714,22,303,R021,Agt060,45,13,0
2024-01-18 07:50:00,W1,A01,S30,P103,T48438,84,299,24.12,48.49,O6922,39,482,R022,Agt090,54,77,0
2024-01-18 08:00:00,W1,A11,S09,P188,T57020,6,210,21.11,58.26,O7328,48,293,R036,Agt073,92,10,1
2024-01-18 08:10:00,W3,A18,S27,P179,T62140,63,222,23.23,57.41,O4307,11,99,R026,Agt043,75,81,1
2024-01-18 08:20:00,W3,A09,S23,P196,T76741,155,246,24.55,56.62,O2930,3,369,R037,Agt085,42,14,0
2024-01-18 08:30:00,W1,A11,S03,P172,T40790,194,277,18.06,46.73,O8030,12,56,R008,Agt052,67,68,0
